Name,Year_of_Release,NA_Sales,EU_Sales,JP_Sales,Other_Sales,Global_Sales,Critic_Score,Critic_Count,User_Count,Play Score,GameScore,CriticScore
007: Quantum of Solace,2008,0.22,0.26,0.01,0.095,0.585,67.5,30,51,7.31,7.6,7.025
2010 FIFA World Cup South Africa,2010,0.3,0.64,0.07,0.22,1.23,82,56,57,8.06,7.97,8.16
2014 FIFA World Cup Brazil,2014,0.15,0.36,0.01,0.09,0.61,73,33,87,7.82,8.44,7.21
50 Cent: Blood on the Sand,2009,0.1,0.06,0.01,0.03,0.19,72,37,57,7.05,6.94,7.15
7 Days to Die,2016,0.04,0.08,0,0.02,0.14,45,16,140,6.65,8.43,4.87
7th Dragon III Code: VFD,2015,0.04,0,0.12,0,0.17,77,26,38,8.37,9.24,7.5
A Vampyre Story,2008,0,0.01,0,0,0.02,75,33,25,7.03,6.77,7.3
Ace Combat: Assault Horizon,2011,0.3,0.15,0.22,0.07,0.74,77,28,82,7.67,8.04,7.3
Ace Combat: Assault Horizon Legacy,2011,0.1,0.06,0.08,0.01,0.24,71,37,26,7.87,8.72,7.03
Aegis of Earth: Protonovus Assault,2016,0.02,0,0,0,0.03,57,11,9,7.6,8.79,6.41
Afrika,2008,0.12,0,0.08,0.01,0.22,63,12,34,7.17,7.74,6.61
Afro Samurai,2009,0.12,0.05,0,0.03,0.2,65,52,27,6.99,7.34,6.65
Age of Empires III,2005,0,0.33,0,0.05,0.38,81,52,519,8.4,8.84,7.97
Age of Mythology,2002,0.02,0.06,0,0.01,0.09,89,31,484,7.93,7.82,8.04
Alan Wake,2012,0,0.06,0,0.01,0.06,83,30,1473,8.59,8.92,8.26
Alice: Madness Returns,2011,0.11,0.17,0.02,0.05,0.35,72.5,40,370,7.985,8.75,7.225
Alien: Isolation,2014,0.17,0.355,0.02,0.09,0.635,80,45.5,1191.5,8.51,9.095,7.92
Alone in the Dark,2008,0,0.01,0,0,0.01,55,19,148,6.02,5.66,6.38
Alone in the Dark: Inferno,2008,0.09,0.03,0,0.02,0.13,69,25,50,6.71,6.66,6.76
Alpha Protocol,2010,0.095,0.1,0,0.04,0.23,68,37,314,7.22,7.535,6.9
Anarchy Reigns,2012,0.1,0.03,0.06,0.02,0.2,71,35,106,7.63,8.22,7.03
Angry Birds Star Wars,2013,0.1,0.11,0,0.045,0.25,48,5.5,55,7.14,8.125,6.15
Animal Crossing: Happy Home Designer,2015,0.51,1.02,1.4,0.12,3.05,66,60,106,7.71,8.75,6.68
Animal Crossing: New Leaf,2012,2.03,2.36,4.39,0.39,9.16,88,70,626,9.12,9.68,8.57
Anno 2070,2011,0,1.13,0,0.29,1.43,83,33,493,7.04,5.99,8.09
Aquapazza: Aquaplus Dream Match,2012,0.05,0,0.05,0.01,0.11,75,13,20,8.07,8.52,7.61
Ar Nosurge: Ode to an Unborn Star,2014,0.05,0.03,0.06,0.02,0.16,67,23,49,7.58,8.37,6.78
Ar tonelico Qoga: Knell of Ar Ciel,2010,0.08,0.01,0.13,0.01,0.24,61,27,101,7.26,7.53,6.98
Arcana Heart 3,2011,0.04,0.04,0.1,0.02,0.2,73,10,27,8.28,9.3,7.25
Armored Core 4,2006,0.09,0,0.09,0.01,0.2,65,36,25,7.11,7.2,7.02
Armored Core V,2012,0.09,0.04,0.24,0.02,0.39,65,26,47,6.87,7.08,6.66
Armored Core: Verdict Day,2013,0,0,0.12,0,0.12,66,18,28,7.78,8.66,6.89
Army of Two,2008,0.74,0.26,0.02,0.15,1.17,74,43,118,7.16,7.36,6.95
Army of Two: The 40th Day,2010,0.44,0.27,0.01,0.12,0.85,74,56,88,7.52,7.81,7.24
Army of Two: The Devil's Cartel,2013,0.11,0.11,0.01,0.05,0.28,58,27,100,7.45,8.96,5.95
Arslan: The Warriors of Legend,2015,0.03,0.01,0.04,0.01,0.09,69,43,23,7.65,8.47,6.83
Asphalt 3D,2011,0.27,0.16,0.02,0.04,0.49,43,37,24,6.9,8.77,5.03
Assassin's Creed,2007,1.91,2,0.09,0.82,4.82,81,40,769,8.24,8.47,8.01
Assassin's Creed Chronicles: China,2015,0,0.03,0,0.01,0.04,69,44,83,7.62,8.59,6.66
Assassin's Creed II,2009.5,1.275,1.19,0.105,0.475,3.05,88.5,46,1406.5,8.635,8.8,8.46
Assassin's Creed III,2012,1.46,1.525,0.08,0.62,3.69,82.5,31,1398,8.2,8.135,8.27
Assassin's Creed IV: Black Flag,2013,0.873333333,1.123333333,0.063333333,0.346666667,2.4,85,25,1280,8.64,8.88,8.4
Assassin's Creed Syndicate,2015,0.46,1.04,0.035,0.27,1.8,75,50,931.5,8.07,8.305,7.83
Assassin's Creed: Brotherhood,2010.5,1.01,0.445,0.055,0.195,1.705,89,41.5,946.5,8.735,8.84,8.625
Assassin's Creed: Revelations,2011,0.775,1.245,0.05,0.41,2.48,80,29.5,692,8.265,8.475,8.05
Assetto Corsa,2016,0,0.05,0,0.01,0.06,73,35,70,7.44,7.58,7.31
Asura's Wrath,2012,0.18,0.12,0.06,0.05,0.4,71,39,169,7.51,7.81,7.21
Atelier Ayesha: The Alchemist of Dusk,2012,0.06,0.04,0.14,0.02,0.26,70,17,120,7.63,8.36,6.89
Atelier Shallie: Alchemists of the Dusk Sea,2014,0.06,0.02,0.08,0.02,0.18,76,26,44,7.8,8.3,7.29
Attack on Titan: Humanity in Chains,2013,0,0,0.42,0,0.42,46,22,34,6.99,8.67,5.31
Band Hero,2009,0.41,0.23,0,0.11,0.74,76,45,9,7.23,7.15,7.32
Batman: Arkham Asylum,2009,1.12,0.795,0.035,0.33,2.275,91,49.5,1429,8.94,9.27,8.61
Batman: Arkham City,2011,1.435,1.065,0.055,0.45,3.005,93.5,34.5,2004.5,9.125,9.34,8.91
Batman: Arkham Knight,2015,0.81,0.86,0.05,0.325,2.04,78.5,51.5,2323,8.42,8.785,8.055
Batman: Arkham Origins,2013,0.6,0.48,0.02,0.2,1.3,75,31.5,919,8,8.65,7.355
Batman: Arkham Origins Blackgate,2013,0.16,0.09,0,0.02,0.27,68,7,38,7.82,8.75,6.9
Batman: Arkham VR,2016,0.25,0,0,0.06,0.3,75,59,89,7.82,8.39,7.24
Battle Princess of Arcadias,2013,0,0,0.02,0,0.02,69,22,25,8.18,8.97,7.38
BattleForge,2009,0,0.01,0,0,0.01,75,37,112,7.38,7.36,7.4
Battleborn,2016,0.08,0.06,0.01,0.025,0.17,68.5,44.5,401,7.305,7.435,7.175
Battlefield 1,2016,0.605,1.195,0.105,0.32,2.23,88,42.5,973,8.195,7.8,8.585
Battlefield 1942,2002,0.01,0.01,0,0,0.03,89,27,327,7.84,7.58,8.09
Battlefield 2,2005,0,0.07,0,0.01,0.08,91,55,837,8.23,8.02,8.44
Battlefield 2142,2006,0,0.02,0,0,0.03,80,48,326,7.76,7.8,7.72
Battlefield 3,2011,1.87,2.16,0.175,0.77,4.975,87,49.5,3343.5,8.505,8.63,8.375
Battlefield 4,2013,1.013333333,1.28,0.146666667,0.37,2.81,82,28,1892,8.516666667,8.756666667,8.283333333
Battlefield Vietnam,2004,0,0.02,0,0,0.03,84,48,133,7.88,7.83,7.92
Battlefield: Bad Company,2008,0.76,0.35,0.05,0.18,1.34,84,50,203,8.19,8.1,8.29
Battlefield: Bad Company 2,2010,0.76,0.815,0.04,0.22,1.835,87.5,52.5,1019.5,8.57,8.665,8.47
Battlestations: Midway,2007,0,0.01,0,0,0.01,76,20,46,7.41,7.43,7.38
Battlestations: Pacific,2009,0,0.02,0,0,0.03,74,31,46,7.08,6.78,7.37
Bayonetta,2009,0.44,0.39,0.21,0.16,1.21,87,54,355,8.41,8.53,8.29
Bejeweled 3,2010,0.02,0.05,0,0.01,0.08,82,27,86,8.67,9.29,8.05
Beyond: Two Souls,2013,0.52,0.8,0.06,0.26,1.63,70,98,2652,7.94,8.55,7.34
Binary Domain,2012,0.09,0.07,0.14,0.03,0.33,72,33,179,8.16,8.69,7.63
BioShock 2,2010,0.85,0.46,0.02,0.22,1.54,88,62,492,8.63,8.91,8.36
Bionic Commando,2009,0.12,0.17,0.01,0.06,0.36,71,48,62,7.42,7.55,7.29
Birds of Steel,2012,0.1,0.08,0.02,0.03,0.23,73,27,18,8.21,8.94,7.49
Blades of Time,2012,0.04,0.03,0.01,0.01,0.1,53,19,22,6.63,7.48,5.78
Bladestorm: Nightmare,2015,0.08,0.04,0.03,0.02,0.17,58,33,21,7.27,8.42,6.12
BlazBlue: Calamity Trigger,2009,0.36,0.1,0.06,0.06,0.57,87,50,112,8.26,8.21,8.3
BlazBlue: Chrono Phantasma,2013,0.14,0,0.14,0.03,0.3,83,16,64,8.6,9.19,8.01
BlazBlue: Continuum Shift,2010,0.21,0.07,0.09,0.04,0.41,87,29,65,8.33,8.32,8.34
Blazing Angels: Squadrons of WWII,2006,0.185,0.11,0,0.05,0.34,66,21,13,7.145,7.28,7.01
Blood Bowl,2009,0.02,0.02,0,0,0.04,72,34,57,7.53,7.83,7.22
Bloodborne,2015,1.03,0.81,0.26,0.38,2.48,92,100,6383,9.17,9.39,8.94
Blur,2010,0.115,0.2,0.01,0.065,0.39,81,41,131.5,7.7,7.68,7.725
Bodycount,2011,0.05,0.05,0,0.02,0.11,50,40,28,6.2,7,5.39
Borderlands,2009,0.605,0.37,0,0.16,1.135,82,47.5,895,8.57,9.11,8.04
Borderlands 2,2012,0.735,0.565,0.05,0.225,1.58,90,31.5,1670,9.06,9.43,8.69
Borderlands: The Pre-Sequel,2014,0.185,0.18,0.025,0.06,0.45,76,39.5,416.5,8.09,8.66,7.52
Braid,2009,0,0.02,0,0,0.03,90,11,819,8.4,9.13,7.68
Brain Age: Concentration Training,2012,0.09,0,0,0.01,0.09,71,11,17,7.92,8.64,7.2
Bravely Second: End Layer,2015,0.17,0.1,0.18,0.03,0.49,81,70,103,8.75,9.42,8.08
Brink,2011,0.175,0.205,0.005,0.075,0.455,71,38.5,357.5,6.88,6.63,7.125
Brothers in Arms: Hell's Highway,2008,0.22,0.18,0,0.075,0.475,77.5,35,100,8.01,8.45,7.57
Brothers: A Tale of Two Sons,2015,0.03,0.08,0,0.02,0.14,81,10,73,8.44,8.98,7.91
Brutal Legend,2009,0.54,0.27,0,0.13,0.94,83,61,162,7.87,7.8,7.93
Bulletstorm,2011,0.15,0.135,0.005,0.05,0.345,82.5,45.5,528,8.04,8.02,8.06
Bully: Scholarship Edition,2008,0,0.02,0,0,0.03,72,11,257,7.84,8.27,7.42
Burnout Paradise,2008,1.01,0.62,0.02,0.29,1.94,87,55,455,8.36,8.31,8.41
Burnout Paradise: The Ultimate Box,2009,0,0.08,0,0.01,0.09,87,26,435,8.41,8.56,8.25
Bust-A-Move Universe,2011,0.08,0.15,0.06,0.03,0.31,49,30,13,6.47,7.78,5.15
Caesar IV,2006,0,0.03,0,0.01,0.04,74,32,43,6.99,6.71,7.27
Call of Duty 2,2005,0,0.05,0,0.01,0.06,86,64,626,8.46,8.86,8.06
Call of Duty 3,2006,0.6,0.62,0.03,0.26,1.5,80,43,92,7.46,7.33,7.6
Call of Duty 4: Modern Warfare,2007,1.555,1.69,0.14,0.53,3.915,93,42,1676.5,8.675,8.86,8.5
Call of Duty: Advanced Warfare,2014,1.48,1.855,0.07,0.63,4.035,80.5,28.5,1289.5,7.575,7.14,8.005
Call of Duty: Black Ops,2010,5.99,4.37,0.48,1.79,12.63,88,58,1094,8.16,7.91,8.41
Call of Duty: Black Ops II,2012,2.815,3.21,0.325,1.305,7.66,78.5,16,1278.5,7.815,7.695,7.94
Call of Duty: Ghosts,2013,2.94,2.53,0.215,0.91,6.595,74.5,29.5,1305.5,7.685,7.92,7.46
Call of Duty: Infinite Warfare,2016,0.825,1.04,0.075,0.36,2.3,75,49,784.5,7.465,7.315,7.61
Call of Duty: Modern Warfare 2,2009,2.5,2.215,0.19,0.845,5.74,90,53.5,4251.5,8.62,8.635,8.61
Call of Duty: Modern Warfare 3,2011,2.975,3.355,0.245,0.945,7.52,83,32.5,5449,7.98,7.655,8.305
Call of Duty: World at War,2008,1.375,0.985,0,0.43,2.785,84,40.5,565,8.38,8.745,8.015
Call of Juarez: Bound in Blood,2009,0.175,0.2,0.005,0.075,0.455,78,43,186.5,7.885,8.225,7.535
Captain America: Super Soldier,2011,0.075,0.04,0,0.02,0.135,56,21.5,23,7.035,8.305,5.765
Carmageddon: Max Damage,2016,0.01,0,0,0,0.01,51,28,39,6.96,8.19,5.73
Cartoon Network: Punch Time Explosion,2011,0.07,0.02,0,0.01,0.1,58,16,28,6.82,7.77,5.86
Castlevania: Lords of Shadow,2010,0.5,0.35,0.1,0.15,1.1,85,62,468,8.13,8.03,8.23
Castlevania: Lords of Shadow 2,2014,0.02,0.075,0.01,0.015,0.12,60.5,35.5,513,7.61,8.465,6.745
Catherine,2011,0.3,0.14,0.2,0.06,0.7,79,61,372,8.41,8.93,7.89
Cave Story 3D,2011,0.09,0.03,0.01,0.01,0.14,82,29,72,8.3,8.73,7.87
Ceville,2009,0,0.02,0,0,0.02,73,17,21,7.72,7.97,7.48
Child of Light,2014,0,0.01,0.04,0,0.05,82,46,451,8.73,9.43,8.03
Cities in Motion,2011,0,0.04,0,0.01,0.05,70,20,105,7.37,7.47,7.27
Cities: Skylines,2015,0,0.13,0,0.01,0.14,85,60,1404,8.83,9.19,8.46
Clive Barker's Jericho,2007,0.085,0.01,0,0.01,0.105,61.5,29.5,135,7.065,7.365,6.77
Code of Princess,2012,0.16,0,0.03,0.01,0.2,67,38,73,7.42,7.77,7.06
Combat of Giants: Dinosaurs 3D,2011,0.25,0.06,0.05,0.03,0.39,44,18,9,6.16,7.79,4.53
Commander: Conquest of the Americas,2010,0,0.02,0,0,0.03,68,16,19,6.47,5.72,7.22
Company of Heroes,2006,0,0.04,0,0.01,0.05,93,55,1128,8.91,9.05,8.76
Company of Heroes 2,2013,0.06,0.25,0,0.04,0.34,80,82,6157,7.91,7.81,8.02
Company of Heroes: Opposing Fronts,2007,0.01,0.03,0,0.01,0.04,87,36,235,8.28,8.5,8.06
Company of Heroes: Tales of Valor,2009,0,0.03,0,0.01,0.04,70,42,204,7.92,8.9,6.94
Conception II: Children of the Seven Stars,2013,0.09,0,0.03,0.01,0.12,62,11,44,7.47,8.56,6.39
Condemned 2: Bloodshot,2008,0.17,0.16,0,0.06,0.39,82,37,89,7.83,7.62,8.03
Conflict: Denied Ops,2008,0.05,0.1,0,0.03,0.19,51,28,25,6.12,6.3,5.94
Contrast,2013,0,0.01,0,0,0.01,62,24,169,7.89,8.92,6.85
Cross Edge,2008,0.14,0.02,0.05,0.02,0.23,52,32,82,6.45,7.22,5.67
Crysis,2007,0,0.69,0,0.02,0.71,91,56,1970,8.34,8.18,8.51
Crysis 2,2011,0.31,0.505,0.03,0.17,1.015,85.5,48,1000,8.28,8.375,8.185
Crysis 3,2013,0.215,0.405,0.015,0.115,0.75,76.5,35,755.5,8.165,8.715,7.615
DC Universe Online,2011,0.16,0.06,0,0.02,0.23,72,27,243,7.51,7.87,7.16
DJ Hero,2009,0.42,0.34,0,0.14,0.9,86,53,49,8.05,7.76,8.34
DJ Hero 2,2010,0.47,0.19,0,0.1,0.75,86,46,22,8.12,8,8.25
Dante's Inferno,2010,0.64,0.28,0.04,0.13,1.08,75,69,265,8.03,8.63,7.42
Dark Sector,2008,0.23,0.16,0.01,0.07,0.47,72,47,70,7.26,7.4,7.12
Dark Souls,2011,0.75,0.51,0.54,0.22,2.02,89,54,1397,8.74,8.96,8.52
Dark Souls II,2014,0.24,0.205,0.2,0.08,0.72,91,52.5,1712.5,8.855,8.985,8.725
Dark Souls III,2016,0.325,0.26,0.17,0.11,0.86,89,62.5,1894,9.055,9.36,8.75
Dark Void,2010,0.18,0.12,0,0.05,0.35,59,50,36,6.33,6.59,6.08
Darksiders,2010,0.04,0.03,0,0.01,0.085,82.5,45.5,461,8.475,8.785,8.16
Darksiders II,2012,0.19,0.225,0.005,0.08,0.495,82.5,31,537.5,8.44,8.68,8.2
Darksiders: Warmastered Edition,2016,0.02,0,0,0,0.02,79,9,15,8.47,9.23,7.7
Darkspore,2011,0.07,0.03,0,0.01,0.12,65,52,133,6.98,7.2,6.77
Dead Island,2011,0.6,0.4,0.075,0.17,1.245,75.5,32.5,916.5,7.955,8.415,7.495
Dead Island: Riptide,2013,0.26,0.19,0.07,0.09,0.6,62,25,140,7.47,8.57,6.37
Dead Rising,2016,0.02,0,0.01,0.01,0.04,78,6,30,8.01,8.63,7.39
Dead Rising 2,2010,0.265,0.29,0.075,0.11,0.75,79,35.5,194.5,7.53,7.585,7.485
Dead Rising 2: Off the Record,2011,0.075,0.05,0.05,0.02,0.19,69,20.5,44.5,7.665,8.44,6.89
Dead Space,2008,0.525,0.595,0,0.175,1.295,87,47.5,819,8.655,8.965,8.34
Dead Space 2,2011,0.43,0.315,0,0.125,0.87,88,53,754.5,8.875,9.205,8.54
Dead Space 3,2013,0.44,0.36,0,0.16,0.96,76,37,522,8.47,9.14,7.8
Dead or Alive 5,2012,0.23,0.14,0.2,0.07,0.64,74,34,109,7.92,8.45,7.39
Dead to Rights: Retribution,2010,0.1,0.12,0.02,0.05,0.28,60,44,27,7.12,7.69,6.55
Deadpool,2014,0.185,0.125,0,0.065,0.37,60.5,19,144.5,7.615,8.86,6.36
Deception IV: Blood Ties,2014,0.03,0.02,0.06,0.01,0.11,70,19,27,7.53,8.37,6.69
Defiance,2013,0.165,0.07,0,0.04,0.28,61.5,30.5,403,7.27,8.11,6.43
Demigod,2009,0,0.02,0,0,0.02,76,50,183,7.37,7.26,7.47
Demon's Souls,2009,0.97,0.33,0.35,0.17,1.82,89,81,1441,8.83,9.11,8.56
Destiny,2014,2.49,2.07,0.16,0.92,5.64,76,95,5380,7.44,7.35,7.53
Deus Ex: Human Revolution,2011,0.25,0.25,0,0.08,0.58,90,52,3069,8.44,8.36,8.51
Deus Ex: Mankind Divided,2016,0.055,0.12,0,0.03,0.205,83.5,57,597.5,8.015,7.815,8.215
Devil May Cry 4,2008,0.295,0.235,0.17,0.105,0.805,81,42,332,8.21,8.48,7.945
DiRT 3,2011,0.135,0.35,0.005,0.115,0.605,86.5,37.5,277.5,8.365,8.35,8.385
DiRT Rally,2016,0.02,0.15,0,0.025,0.2,85.5,39.5,242,8.555,8.58,8.535
Diablo II,2000,0.01,0.1,0,0.02,0.13,88,34,1056,8.3,8.52,8.08
Diablo III,2012.5,1.58,1.455,0.075,0.415,3.525,87,64.5,5093,8.515,8.425,8.605
Digimon All-Star Rumble,2014,0.06,0.02,0,0.02,0.09,49,12,32,6.67,7.63,5.7
Digimon Story: Cyber Sleuth,2016,0,0.1,0,0.02,0.11,75,45,289,8.3,9.15,7.45
Disciples III: Renaissance,2010,0,0.01,0,0,0.02,56,36,105,6.32,6.37,6.26
Disgaea 3: Absence of Justice,2008,0.33,0.03,0.11,0.04,0.52,78,51,150,7.91,8.41,7.41
Disgaea 4: A Promise Unforgotten,2011,0.27,0.11,0.14,0.05,0.57,80,39,126,8.3,8.75,7.85
Disgaea 5: Alliance of Vengeance,2015,0.11,0.08,0.06,0.04,0.29,80,43,173,8.64,9.36,7.93
Disgaea D2: A Brighter Darkness,2013,0.09,0,0.1,0.02,0.21,74,37,61,8.32,9.02,7.63
Dishonored,2012,0.72,0.52,0.04,0.25,1.53,89,35,781,8.9,8.95,8.84
Dishonored 2,2016,0.13,0.195,0,0.055,0.38,87,46.5,476,8.685,8.755,8.615
Disney Art Academy,2016,0.02,0.01,0.08,0,0.11,72,16,5,7.93,8.74,7.12
Disney Infinity,2013,0.49,0.32,0,0.16,0.97,75,21,47,7.98,8.57,7.39
Disney Magical World,2013,0.17,0.2,0.53,0.03,0.92,71,27,21,7.84,8.77,6.91
Disney Universe,2011,0.3,0.22,0,0.09,0.61,70,29,13,7.65,8.66,6.63
Divinity II: Ego Draconis,2009,0.01,0.05,0,0.01,0.07,72,43,125,7.42,7.83,7
Divinity: Original Sin,2014,0,0.02,0,0,0.02,87,59,2089,8.72,8.95,8.49
DmC: Devil May Cry,2013,0.24,0.26,0.19,0.1,0.79,85,40,1471,8.45,8.81,8.1
Doom,1992,0.02,0,0,0,0.03,85,44,1796,8.84,9.38,8.3
Doom 3,2004,0.05,0.04,0,0.01,0.1,87,83,896,8.25,8.48,8.02
Dragon Age II,2011,0.315,0.295,0.025,0.095,0.73,82,48.5,2865,7.625,7.54,7.71
Dragon Age: Inquisition,2014,0.53,0.61,0.04,0.19,1.37,87,44,2955,8.435,8.3,8.565
Dragon Age: Origins,2009,0,0.46,0,0.05,0.51,91,67,3542,8.83,8.93,8.72
Dragon Ball Z: Battle of Z,2014,0.1,0.1,0.06,0.04,0.31,54,32,103,6.86,8.18,5.55
Dragon Ball Z: Burst Limit,2008,0.22,0.33,0.18,0.12,0.85,71,32,51,6.91,6.77,7.05
Dragon Ball Z: Extreme Butoden,2015,0.12,0.03,0.16,0.02,0.33,61,32,32,7.39,8.68,6.1
Dragon Ball Z: Ultimate Tenkaichi,2011,0.27,0.18,0.09,0.07,0.61,58,26,77,6.96,7.03,6.89
Dragon Ball: Raging Blast,2009,0.37,0.19,0.11,0.1,0.77,57,26,58,7.08,7.69,6.46
Dragon's Crown,2013,0.25,0.07,0.17,0.05,0.53,82,62,288,8.6,9.22,7.98
Dragon's Dogma,2012,0.41,0.44,0.72,0.17,1.74,78,38,444,8.06,8.51,7.61
Drakengard 3,2013,0.1,0,0.19,0.02,0.31,61,33,237,7.27,8.43,6.12
DriveClub,2014,0.36,1.38,0.02,0.31,2.07,71,85,1571,7.84,8.55,7.13
DriveClub VR,2016,0.03,0.05,0,0.01,0.09,67,34,110,7.69,8.46,6.92
Driver: Renegade,2011,0.05,0.04,0,0.01,0.09,48,13,20,7.1,8.72,5.48
Driver: San Francisco,2011,0.145,0.31,0.005,0.105,0.565,79.5,32,223,7.775,7.81,7.74
Duke Nukem 3D: 20th Anniversary World Tour,2016,0.03,0,0,0.01,0.03,77,15,15,8.23,9.13,7.32
Duke Nukem Forever,2011,0.255,0.24,0,0.09,0.585,52.5,48,730.5,6.245,6.91,5.585
Dungeon Defenders,2011,0.02,0,0,0,0.02,81,26,399,8.45,9.1,7.81
Dungeon Siege II,2005,0,0.02,0,0,0.03,80,51,159,7.42,7.19,7.66
Dungeon Siege III,2011,0.125,0.105,0.015,0.035,0.28,71.5,44.5,242.5,6.845,6.615,7.08
Dungeons 2,2016,0.01,0,0,0,0.01,61,9,14,7.3,8,6.6
Dying Light,2015,0.54,0.365,0.06,0.18,1.145,74.5,49,1291,8.415,9.32,7.51
Dynasty Warriors 6,2007,0.18,0.07,0.41,0.04,0.71,59,31,49,6.99,7.46,6.53
Dynasty Warriors 7,2011,0.25,0.13,0.46,0.06,0.91,57,25,57,7.29,8.16,6.42
Dynasty Warriors 8,2013,0.12,0.1,0.34,0.05,0.6,68,26,75,7.98,8.81,7.14
Dynasty Warriors 8: Empires,2014,0.06,0.07,0.03,0.03,0.19,63,30,42,7.49,8.55,6.42
Dynasty Warriors: Gundam 2,2008,0.09,0.06,0.32,0.03,0.49,54,22,28,7.16,8.12,6.21
Dynasty Warriors: Gundam 3,2010,0.11,0.04,0.36,0.02,0.54,58,18,20,7.28,8.2,6.36
Dynasty Warriors: Gundam Reborn,2013,0,0,0.23,0,0.23,64,35,25,7.91,9.48,6.35
EA Sports MMA,2010,0.16,0.14,0.01,0.06,0.37,77,47,38,8.01,8.47,7.55
EA Sports UFC,2014,0.46,0.41,0.01,0.17,1.05,70,57,279,7.79,8.72,6.86
EA Sports UFC 2,2016,0.29,0.49,0,0.15,0.93,79,38,157,7.99,8.15,7.82
EVE: Valkyrie,2016,0.03,0.05,0,0.02,0.1,73,26,37,7.48,7.88,7.07
Eagle Flight,2016,0.01,0.05,0,0.01,0.07,72,31,22,7.78,8.23,7.34
Earth Defense Force 2025,2013,0.04,0.02,0.27,0.01,0.35,69,28,52,7.94,8.96,6.93
Earth Defense Force 4.1: The Shadow of New Despair,2015,0.03,0.02,0,0.01,0.06,64,40,51,7.98,9.23,6.72
Earth Defense Force: Insect Armageddon,2011,0.06,0.04,0.08,0.02,0.2,63,28,24,7.25,8.18,6.31
East India Company,2009,0.01,0,0,0,0.02,67,28,49,6.86,6.43,7.29
Eat Lead: The Return of Matt Hazard,2009,0.09,0.02,0,0.01,0.13,51,38,21,6.23,6.85,5.6
El Shaddai: Ascension of the Metatron,2011,0.11,0.06,0.08,0.03,0.28,78,46,40,7.5,7.35,7.65
Elven Legacy,2009,0.02,0,0,0,0.02,71,27,38,7.48,7.54,7.41
Empire Earth II,2005,0,0.03,0,0,0.03,79,39,89,7.49,7.33,7.64
Empire: Total War,2009,0.01,0.97,0,0.1,1.08,90,62,2981,8.67,8.7,8.64
Enchanted Arms,2007,0.17,0.01,0,0.02,0.2,64,23,40,6.81,6.92,6.7
Enemy Front,2014,0.01,0.04,0,0.01,0.05,43,12,75,6.13,7.4,4.86
Enemy Territory: Quake Wars,2007.5,0.12,0.035,0,0.02,0.185,72,42.5,122.5,7.395,7.305,7.475
Enslaved: Odyssey to the West,2010,0.24,0.22,0.01,0.09,0.55,80,53,312,7.87,7.98,7.76
Escape Dead Island,2014,0.04,0.03,0,0.01,0.07,40,25,51,6.44,7.84,5.03
Eternal Sonata,2008,0.19,0.12,0.07,0.05,0.44,80,34,117,8.11,8.07,8.14
Etrian Mystery Dungeon,2015,0.09,0.01,0.13,0.01,0.24,77,44,49,8.09,8.4,7.77
Etrian Odyssey Untold: The Millennium Girl,2013,0.1,0.01,0.14,0.01,0.26,80,41,89,8.33,8.69,7.96
Evolve,2015,0.22,0.255,0.025,0.085,0.575,76.5,42.5,931.5,7.48,7.365,7.59
Exist Archive: The Other Side of the Sky,2015,0.01,0,0.03,0,0.04,69,13,16,7.76,8.38,7.15
EyePet,2009,0.35,0.52,0.04,0.08,0.99,70,35,20,7.25,7.67,6.83
F.E.A.R.,2007,0.18,0.26,0,0.1,0.54,72,31,64,7.55,7.51,7.59
F.E.A.R. 2: Project Origin,2009,0.105,0.125,0.005,0.045,0.27,79,48.5,309,7.87,7.905,7.845
F.E.A.R. 3,2011,0.125,0.12,0.005,0.05,0.3,74,41,261.5,7.41,7.4,7.42
F1 2010,2010,0.125,0.4,0.04,0.135,0.695,84,30.5,91,8.19,8.23,8.145
F1 2011,2011,0.063333333,0.323333333,0.036666667,0.1,0.516666667,74.66666667,20.33333333,50.33333333,7.676666667,7.9,7.453333333
F1 2012,2012,0.065,0.37,0.025,0.125,0.59,80.5,19,84.5,8.32,8.665,7.97
F1 2013,2013,0.01,0.42,0.03,0.09,0.54,77,22,40,8.09,8.55,7.64
F1 2014,2014,0.035,0.175,0.01,0.035,0.255,61.5,19.5,46.5,7.54,8.315,6.76
F1 2015,2015,0.09,0.45,0.03,0.1,0.66,65,46,43,7.41,8.32,6.49
F1 Race Stars,2012,0.03,0.105,0,0.03,0.17,61.5,17.5,40,7.38,8.105,6.655
FIFA 14,2013,0.466666667,2.15,0.06,0.613333333,3.293333333,86.66666667,23,544.3333333,8.116666667,7.913333333,8.313333333
FIFA 15,2014,0.4,2.3,0.025,0.46,3.18,82,28,685.5,7.96,8.02,7.905
FIFA 16,2015,0.59,3.125,0.03,0.645,4.385,81.5,26,596,7.86,7.55,8.17
FIFA 17,2016,0.66,5.75,0.08,1.11,7.59,85,41,398,8.62,8.81,8.43
FIFA Soccer 08,2007,0.35,1.06,0.02,0.31,1.75,81,28,47,7.81,7.7,7.91
FIFA Soccer 09,2008,0.24,0.825,0.02,0.215,1.3,82,28.5,72,7.625,7.32,7.935
FIFA Soccer 10,2009,0.3,1.245,0.025,0.265,1.835,81.5,35,131,7.285,6.575,7.99
FIFA Soccer 11,2010,0.305,1.71,0.03,0.58,2.625,86,33.5,167.5,7.985,7.9,8.075
FIFA Soccer 13,2012,0.38,1.84,0.043333333,0.69,2.95,80.66666667,16,216.6666667,7.713333333,7.59,7.836666667
FIFA Street,2012,0.12,0.89,0,0.23,1.23,76,36,66,8.35,8.83,7.86
Fable III,2011,0.1,0.17,0,0.05,0.32,75,39,555,7.13,6.7,7.56
Fable: The Lost Chapters,2005,0.01,0.05,0,0.01,0.07,83,54,489,8.36,8.92,7.79
FaceBreaker,2008,0.13,0.02,0,0.02,0.17,53,37,20,6.14,6.85,5.43
Fairy Fencer F,2013,0.05,0.03,0.09,0.02,0.19,65,31,50,7.48,8.43,6.53
Fairy Fencer F: Advent Dark Force,2015,0.02,0,0.05,0,0.07,71,21,34,7.98,8.98,6.98
Fairytale Fights,2009,0.11,0.03,0,0.02,0.17,53,34,22,6.37,7,5.74
Fallout 3,2008,1.085,1.005,0.035,0.335,2.46,90.5,52.5,2180,8.25,8.195,8.31
Fallout 4,2015,1.52,1.97,0.12,0.615,4.225,85.5,48,5870,8.6,8.495,8.7
Fallout: New Vegas,2010,1.055,0.74,0.05,0.3,2.14,83,48,1623,8.41,8.835,7.98
Family Guy: Back to the Multiverse,2012,0.12,0.1,0,0.04,0.26,40,9,31,6.61,7.87,5.35
Fantastic Four: Rise of the Silver Surfer,2007,0.12,0.02,0,0.02,0.15,47,26,10,6.17,6.84,5.51
Fantasy Life,2012,0.33,0.37,0.37,0.06,1.13,73,51,209,8.63,9.54,7.71
Far Cry,2004,0,0.04,0,0.01,0.05,89,72,724,8.02,8.02,8.03
Far Cry 2,2008,0.22,0.57,0.005,0.145,0.93,85,41.5,793,7.96,7.805,8.115
Far Cry 3,2012,0.55,1.16,0.05,0.395,2.155,89,37.5,2112,8.835,9.06,8.615
Far Cry 4,2014,0.64,1.31,0.05,0.335,2.335,82.5,50,1358.5,8.36,8.495,8.23
Farming Simulator 17,2016,0.04,0.445,0,0.05,0.53,66.5,11,16,7.975,9.07,6.87
Farming Simulator 2013,2012.5,0,0.45,0.01,0.085,0.55,52.5,14.5,60,7.65,8.925,6.37
Fight Night Champion,2011,0.45,0.49,0,0.18,1.11,84,52,95,8.58,8.92,8.24
Fight Night Round 3,2006,0.81,0.58,0.01,0.26,1.67,83,37,24,8.01,8.11,7.91
Fight Night Round 4,2009,0.92,0.4,0,0.2,1.52,88,46,95,8.09,7.98,8.2
Final Fantasy Explorers,2014,0.16,0.07,0.28,0.02,0.54,69,57,87,7.24,7.78,6.71
Final Fantasy XIII,2009,1.74,1.21,1.87,0.51,5.33,83,83,2483,7.7,7.54,7.87
Final Fantasy XIII-2,2011,0.78,0.73,0.89,0.23,2.63,79,53,707,7.93,8.06,7.8
Fist of the North Star: Ken's Rage,2010,0.06,0.03,0.55,0.01,0.66,60,30,29,6.57,7.61,5.52
Fist of the North Star: Ken's Rage 2,2012,0,0,0.3,0,0.3,49,19,19,7.24,8.66,5.82
FlatOut: Ultimate Carnage,2008,0,0.01,0,0,0.01,79,16,127,8.01,8.32,7.71
Folklore,2007,0.2,0.04,0.05,0.03,0.32,75,55,145,7.57,7.65,7.49
Football Manager 2010,2009,0,0.06,0,0.01,0.07,87,33,262,8.43,8.42,8.43
Football Manager 2011,2010,0,1.01,0,0.25,1.26,85,23,77,8.26,8.3,8.23
Football Manager 2014,2013,0,0.6,0,0.03,0.64,85,41,275,7.69,7.03,8.35
Football Manager 2016,2015,0,0.33,0,0.02,0.35,81,34,97,6.96,5.64,8.28
Football Manager 2017,2016,0,0.09,0,0.01,0.09,81,41,57,6.74,5.33,8.15
Fracture,2008,0.11,0.04,0,0.02,0.16,62,40,18,6.43,6.61,6.25
Front Mission Evolved,2010,0.07,0.03,0.055,0.015,0.17,60.5,27.5,39,6.265,6.45,6.075
Frontlines: Fuel of War,2008,0,0.02,0,0,0.02,73,19,171,7.01,6.54,7.47
Fuel,2009,0.04,0.065,0,0.02,0.13,67,30,61,7.005,7.4,6.605
GTR Evolution,2008,0,0.02,0,0,0.03,83,19,63,7.82,7.97,7.67
Game of Thrones,2012,0.05,0.085,0,0.02,0.16,55.5,18.5,213,6.73,7.25,6.215
Gears of War,2007,0,0.01,0,0,0.02,87,36,567,8.2,7.77,8.64
Genji: Days of the Blade,2006,0.18,0.37,0.06,0.14,0.75,55,46,30,6.28,6.45,6.11
Ghostbusters: The Video Game,2009,0.34,0.36,0,0.14,0.84,78,74,96,7.87,8.16,7.57
God Eater Resurrection,2015,0,0,0.08,0,0.08,70,18,44,8.29,9.25,7.33
God of War III,2010,2.74,1.33,0.12,0.61,4.8,92,101,2633,9.09,9.02,9.16
God of War: Ascension,2013,1.23,0.63,0.04,0.35,2.25,80,89,914,8.36,8.76,7.96
Gothic 3,2006,0,0.05,0,0.01,0.06,63,39,519,7.48,7.91,7.05
Gran Turismo 5,2010,2.96,4.82,0.81,2.11,10.7,84,82,1112,8.22,8.11,8.32
Gran Turismo 6,2013,0.72,1.67,0.4,0.44,3.23,81,81,758,8.27,8.41,8.14
Grand Ages: Medieval,2015,0,0.05,0.02,0.01,0.07,64,10,12,7.17,7.3,7.03
Grand Kingdom,2015,0.03,0,0.03,0.01,0.07,78,33,63,7.93,8.26,7.59
Grand Slam Tennis 2,2012,0.09,0.1,0,0.04,0.23,73,36,17,7.2,7.39,7
Grand Theft Auto IV,2008,2.385,2.24,0.22,0.84,5.69,94,52,2566,8.43,7.87,8.985
Grand Theft Auto V,2014,3.79,5.363333333,0.453333333,2.006666667,11.60666667,96.66666667,57.66666667,3549.666667,9.093333333,8.876666667,9.313333333
Grand Theft Auto: San Andreas,2005,0,0.93,0,0.04,0.97,93,47,1841,8.7,8.97,8.44
Grand Theft Auto: Vice City,2003,0,0.03,0,0.01,0.04,94,30,1520,8.64,9.05,8.23
Gravity Falls: Legend of the Gnome Gemulets,2015,0.03,0,0,0,0.04,46,4,10,7.21,8.86,5.57
Gravity Rush Remastered,2015,0.02,0.05,0.04,0.01,0.13,80,62,153,8.66,9.4,7.92
Gray Matter,2011,0.02,0.05,0,0.01,0.08,72,27,80,8.04,8.36,7.72
Green Day: Rock Band,2010,0.19,0.15,0,0.06,0.41,76,41,24,7.84,8.16,7.52
Green Lantern: Rise of the Manhunters,2011,0.09,0.04,0,0.015,0.15,51.5,9,12,6.985,7.7,6.27
Guild Wars,2005,0.03,0,0,0,0.03,89,53,455,8.43,8.44,8.42
Guild Wars 2,2012,0.96,1.07,0,0.27,2.31,90,69,2954,8.54,8.24,8.85
Guitar Hero 5,2009,0.53,0.39,0,0.17,1.09,86,54,87,7.99,7.65,8.33
Guitar Hero III: Legends of Rock,2007,0.71,0.265,0.01,0.15,1.13,81,30,57.5,7.875,7.91,7.84
Guitar Hero Live,2015,0.34,0.38,0,0.14,0.86,80,69,160,7.83,7.7,7.96
Guitar Hero: Aerosmith,2008,0.73,0.15,0,0.11,0.99,70,39,26,7.11,7.56,6.66
Guitar Hero: Metallica,2009,0.28,0.24,0,0.1,0.62,86,44,48,8.21,8.27,8.14
Guitar Hero: Smash Hits,2009,0.2,0.11,0,0.05,0.35,73,34,9,7.4,7.59,7.21
Guitar Hero: Van Halen,2009,0.14,0.09,0,0.04,0.27,59,33,9,7.2,7.92,6.47
Guitar Hero: Warriors of Rock,2010,0.33,0.34,0,0.13,0.81,74,46,30,7.78,8.21,7.35
Half-Life 2,2004,2.28,0.02,0.08,0,2.37,96,81,8665,9.08,9.64,8.52
Halo 2,2007,0.01,0.06,0,0.02,0.09,72,32,216,7.38,7.93,6.83
Halo: Combat Evolved,2003,0.02,0.02,0,0,0.04,83,40,396,8.1,8.38,7.83
Harry Potter and the Order of the Phoenix,2007,0.09,0.03,0,0.015,0.14,65,23,29.5,6.965,7.305,6.615
Hatsune Miku: Project Mirai DX,2015,0.16,0.04,0.1,0.02,0.32,80,32,71,8.52,9.45,7.58
Haze,2008,0.49,0.33,0.02,0.15,0.99,55,65,294,6.12,6.48,5.77
Hearts of Iron III,2009,0.02,0.04,0,0.01,0.07,77,23,233,7.71,7.67,7.75
Heavenly Sword,2007,0.57,0.72,0.06,0.29,1.65,79,64,544,7.57,7.64,7.51
Heavy Rain,2010,1.29,1.21,0.06,0.47,3.03,87,107,2759,8.42,8.55,8.3
Hellgate: London,2007,0,0.02,0,0,0.02,70,40,374,7.27,7.27,7.28
Here They Lie,2016,0,0.02,0,0,0.02,62,31,36,7.22,8.03,6.42
Heroes of Might and Magic V,2006,0,0.03,0,0.01,0.04,77,41,349,8.07,8.43,7.71
Heroes of Ruin,2012,0.13,0.07,0,0.02,0.21,69,53,50,7.77,8.68,6.86
Hitman: Absolution,2012,0.31,0.61,0.035,0.24,1.19,81,28,919,8.455,8.98,7.935
Hitman: Blood Money,2006,0,0.03,0,0.01,0.03,82,35,528,8.51,9.19,7.84
Homefront,2011,0.215,0.245,0.02,0.09,0.57,70,48,352.5,6.785,6.79,6.77
Homefront: The Revolution,2016,0.06,0.21,0.03,0.05,0.35,48,43,212,6.5,7.57,5.44
Hometown Story,2013,0.23,0.12,0.04,0.04,0.43,47,14,24,6.12,6.88,5.36
Homeworld 2,2003,0,0.03,0,0,0.03,83,31,128,7.74,7.64,7.84
How to Train Your Dragon,2010,0.12,0.03,0,0.02,0.18,51,18,6,6.84,7.77,5.92
Hunted: The Demon's Forge,2011,0.075,0.045,0.01,0.015,0.15,59,27.5,98.5,6.76,7.12,6.4
Hyperdimension Neptunia,2010,0.22,0.09,0.07,0.04,0.43,45,31,148,6.1,7.25,4.95
IL-2 Sturmovik: Birds of Prey,2009,0.34,0.25,0,0.1,0.68,81,28,20,7.87,7.81,7.93
Imperial Glory,2005,0,0.04,0,0,0.04,69,28,73,7.44,7.7,7.18
Impossible Creatures,2002,0,0.01,0,0,0.01,72,30,39,8.5,9.39,7.61
Indigo Prophecy,2005,0,0.02,0,0,0.02,85,41,375,7.94,7.98,7.89
Injustice: Gods Among Us,2013,0.48,0.5,0.01,0.2,1.18,78,37,282,8.08,8.31,7.85
Inversion,2012,0.03,0.03,0,0.01,0.07,56,23,43,6.74,7.47,6.01
Iron Man,2008,0.32,0.25,0,0.11,0.68,42,27,45,6.45,6.91,5.99
Jack Keane,2008,0,0.02,0,0,0.03,69,25,21,6.98,7.1,6.87
James Bond 007: Blood Stone,2010,0.1,0.18,0.01,0.065,0.36,64,33,58.5,6.89,7.24,6.55
JoJo's Bizarre Adventure: Eyes of Heaven,2015,0,0,0.03,0,0.03,61,35,44,7.83,9.22,6.45
Journey,2012,0.04,0.13,0,0.04,0.21,92,78,1381,9.36,9.61,9.11
Just Cause,2006,0,0.01,0,0,0.02,75,21,206,6.8,6.63,6.97
Just Cause 2,2010,0.225,0.51,0.03,0.17,0.935,83.5,49.5,564.5,8.415,8.86,7.97
Just Cause 3,2015,0.25,0.57,0.035,0.145,1,73.5,46,466,7.97,8.325,7.625
Just Dance 2014,2013,0.18,0.15,0,0.065,0.395,76,5,38,8.1,8.71,7.49
Just Dance 2015,2014,0.19,0.13,0,0.07,0.39,72,8,32,8.04,8.8,7.28
Just Dance 2016,2015,0.17,0.13,0,0.06,0.36,73,10,20,8.04,8.89,7.2
Just Dance 3,2011,0.33,0.2,0,0.09,0.62,75,5,7,7.99,8.65,7.33
Just Dance 4,2012,0.26,0.11,0,0.06,0.43,77,5,29,8.01,8.66,7.35
Katamari Forever,2009,0.26,0.04,0.06,0.04,0.4,74,51,50,8.01,8.61,7.42
Kid Icarus: Uprising,2012,0.48,0.35,0.36,0.07,1.27,83,75,487,8.98,9.72,8.24
Killer is Dead,2013,0.12,0.03,0.05,0.03,0.23,64,39,215,7.38,8.09,6.66
Killzone 2,2009,1.4,1.06,0.08,0.47,3.01,91,94,1505,8.71,8.46,8.96
Killzone 3,2011,1.45,0.86,0.09,0.38,2.77,84,85,942,8.42,8.45,8.4
Killzone: Shadow Fall,2013,0.89,1.33,0.08,0.39,2.69,73,88,2102,7.81,8.21,7.42
Kingdom Hearts 3D: Dream Drop Distance,2012,0.88,0.26,0.34,0.1,1.58,75,54,267,8.69,9.66,7.71
Kingdoms of Amalur: Reckoning,2012,0.255,0.21,0.045,0.07,0.575,81,29.5,736.5,8.385,8.895,7.87
Kirby: Planet Robobot,2016,0.28,0.14,0.47,0.04,0.93,81,71,87,8.86,9.64,8.09
Kirby: Triple Deluxe,2014,0.61,0.34,0.79,0.09,1.83,80,68,206,8.84,9.68,8
Knack,2013,0.43,0.68,0.42,0.2,1.73,54,83,1074,6.91,8.35,5.48
Knights Contract,2011,0.04,0.03,0,0.01,0.08,51,37,8,6.23,7.08,5.39
L.A. Noire,2011,1.27,1.29,0.12,0.49,3.17,89,78,1010,8.41,8.25,8.57
L.A. Noire: The Complete Edition,2011,0.08,0.13,0,0.03,0.25,83,28,903,8.07,7.83,8.31
LEGO Batman 2: DC Super Heroes,2012,0.41,0.28,0,0.06,0.75,72,6,25,7.96,8.78,7.13
LEGO Batman: The Videogame,2008,0.37,0.21,0,0.1,0.675,77.5,19.5,47,7.87,8.27,7.475
LEGO Jurassic World,2015,0.16,0.23,0.01,0.07,0.47,71,27,55.5,8.07,8.755,7.39
LEGO Marvel Super Heroes,2013,0.466666667,0.546666667,0.006666667,0.186666667,1.21,81,17,154,8.43,9.04,7.816666667
LEGO Pirates of the Caribbean: The Video Game,2011,0.29,0.27,0,0.06,0.62,71,16,20,7.75,8.78,6.72
LEGO Star Wars II: The Original Trilogy,2006,0,0.01,0,0,0.02,86,20,64,7.86,8.08,7.64
LEGO Star Wars: The Complete Saga,2007,1.02,0.9,0,0.36,2.29,80,18,87,8.01,8.51,7.51
LEGO The Hobbit,2014,0.13,0.38,0,0.09,0.6,72,47,88,7.98,8.84,7.12
LEGO The Lord of the Rings,2012,0.213333333,0.26,0,0.083333333,0.553333333,74.33333333,8.666666667,74,8.113333333,8.796666667,7.43
Lara Croft and the Temple of Osiris,2014,0,0.045,0,0.005,0.055,73.5,28.5,90,7.355,7.32,7.385
Left 4 Dead,2008,0,0.02,0,0,0.02,89,58,3717,8.89,9.36,8.43
Left 4 Dead 2,2009,0,0.32,0,0.04,0.36,89,55,2530,9.14,9.68,8.6
Legend of Kay Anniversary,2015,0,0.02,0,0,0.03,62,22,11,7.32,8.38,6.26
Legendary,2008,0.08,0.03,0,0.02,0.13,50,31,31,6.15,6.5,5.8
Life is Strange,2016,0.08,0.095,0.015,0.03,0.22,84,19,1146,8.235,8.785,7.69
Lightning Returns: Final Fantasy XIII,2013,0.31,0.2,0.45,0.11,1.07,66,62,552,7.4,8.19,6.6
LittleBigPlanet,2008,2.8,1.98,0.17,0.87,5.82,95,85,5311,8.95,8.95,8.95
LittleBigPlanet 2,2011,1.83,1.05,0.06,0.46,3.39,91,86,657,9.11,9.29,8.92
LittleBigPlanet 3,2014,0.66,0.93,0.01,0.31,1.91,79,78,506,8.22,8.67,7.76
LittleBigPlanet Karting,2012,0.42,0.3,0.01,0.15,0.87,73,69,159,8.08,8.91,7.26
Lollipop Chainsaw,2012,0.27,0.2,0.11,0.08,0.66,67,37,199,7.45,8.05,6.84
Lord of Magna: Maiden Heaven,2014,0,0,0.06,0,0.06,68,16,36,7.76,8.47,7.05
Lords of the Fallen,2014,0.09,0.135,0.01,0.04,0.275,70.5,40.5,504,6.915,6.8,7.035
Lost Dimension,2014,0.05,0.01,0,0.01,0.07,71,18,27,7.65,8.26,7.04
Lost Horizon,2010,0,0.1,0,0.02,0.11,77,24,27,7.82,8.48,7.16
Lost Planet 2,2010,0.145,0.175,0.1,0.065,0.49,65.5,35.5,74.5,7.225,7.39,7.06
Lost Planet 3,2013,0.035,0.045,0.03,0.01,0.125,61,23.5,156,6.695,7.265,6.12
Lost Planet: Extreme Condition,2008,0.31,0.17,0.07,0.08,0.64,67,34,36,7.14,7.39,6.9
Lost: Via Domus,2008,0.095,0.115,0,0.045,0.26,53,26,33,6.775,7.58,5.975
Luigi's Mansion: Dark Moon,2013,1.8,1.39,1.11,0.29,4.59,86,74,458,9.05,9.73,8.37
MLB 07: The Show,2007,0.29,0,0,0.02,0.31,77,30,17,7.84,7.92,7.76
MLB 08: The Show,2008,0.64,0,0,0.05,0.7,85,33,76,7.97,7.75,8.19
MLB 09: The Show,2009,0.66,0,0,0.06,0.72,90,27,61,8.34,8.24,8.45
MLB 10: The Show,2010,0.66,0,0,0.06,0.72,91,33,107,8.33,8.23,8.43
MLB 11: The Show,2011,0.54,0,0,0.04,0.58,90,30,87,8.39,8.46,8.33
MLB 12: The Show,2012,0.86,0,0,0.06,0.92,87,23,75,8.53,8.68,8.39
MLB 13: The Show,2013,0.67,0,0,0.07,0.74,87,36,114,8.79,9.17,8.41
MLB 14: The Show,2014,0.465,0,0,0.11,0.575,82,21.5,142,8.415,8.73,8.1
MLB 15: The Show,2015,0.68,0.08,0,0.17,0.92,80,44,190,8.43,8.97,7.9
Madden NFL 07,2006,0.47,0,0.01,0.04,0.52,76,25,22,7.31,6.95,7.66
Madden NFL 08,2007,0.89,0,0,0.08,0.97,81,31,33,7.76,7.46,8.07
Madden NFL 09,2008,1.56,0.14,0,0.18,1.88,85,38,132,7.93,7.88,7.99
Madden NFL 10,2009,2.03,0.13,0,0.21,2.37,85,41,58,8.14,8.1,8.18
Madden NFL 11,2010,2.04,0.15,0,0.2,2.38,83,36,68,7.97,7.92,8.01
Madden NFL 12,2011,1.93,0.15,0,0.17,2.25,79,31,56,7.97,8.5,7.45
Madden NFL 13,2012,1.055,0.115,0,0.115,1.285,83,22,101,8.15,8.33,7.96
Madden NFL 15,2014,1.54,0.25,0,0.4,2.19,81,37,208,8.44,8.83,8.05
Madden NFL 16,2015,2.34,0.3,0,0.6,3.24,83,37,180,8.41,8.66,8.17
Madden NFL 17,2016,1.25,0.17,0,0.32,1.75,82,35,83,8.34,8.47,8.22
Madden NFL 25,2013,1.115,0.08,0,0.195,1.385,75,16,104.5,8.075,8.67,7.48
Madden NFL Football,2011,0.36,0.01,0,0.03,0.39,49,18,16,6.99,8.78,5.2
Mafia II,2010,0.335,0.43,0.02,0.155,0.945,76,53.5,767.5,8.205,8.935,7.475
Mafia III,2016,0.42,1.08,0.03,0.28,1.81,68,66,1147,7.62,8.44,6.81
Magicka,2011,0,0.02,0,0.01,0.03,74,44,602,8.1,8.84,7.36
Majesty 2: The Fantasy Kingdom Sim,2009,0.01,0,0,0,0.02,72,31,129,7.26,7.08,7.45
Majin and the Forsaken Kingdom,2010,0.09,0.13,0.01,0.05,0.29,72,49,35,7.55,7.78,7.32
Major League Baseball 2K10,2010,0.17,0,0,0.01,0.19,74,19,4,7.79,8.24,7.34
Major League Baseball 2K11,2011,0.105,0.02,0,0.015,0.14,73,9,12.5,7.34,7.455,7.235
Major League Baseball 2K12,2012,0.18,0,0,0.02,0.19,68,8,5,7.23,7.83,6.63
Major League Baseball 2K8,2008,0.28,0,0,0.03,0.31,67,23,8,7.1,7.42,6.79
Major League Baseball 2K9,2009,0.16,0,0,0.01,0.17,61,19,6,7,7.5,6.5
Mario Kart 7,2011,5.03,4.02,2.69,0.91,12.66,85,73,632,9.09,9.77,8.41
Mario Party: Island Tour,2013,0.62,0.64,0.55,0.11,1.92,57,47,117,7.4,8.74,6.06
Mario Party: Star Rush,2016,0.08,0.13,0.08,0.02,0.3,68,37,16,7.76,8.76,6.77
Mario Tennis Open,2012,0.26,0.29,0.34,0.05,0.95,69,58,110,7.85,8.75,6.95
Mario vs. Donkey Kong: Tipping Stars,2015,0,0,0.06,0,0.06,70,15,48,7.96,8.75,7.17
Marvel vs. Capcom 3: Fate of Two Worlds,2011,0.81,0.28,0.11,0.14,1.34,84,56,147,8.05,7.86,8.25
Marvel: Ultimate Alliance,2006,0.17,0.01,0,0.015,0.195,80,28.5,50.5,7.56,7.675,7.455
Marvel: Ultimate Alliance 2,2009,0.49,0.15,0,0.09,0.73,74,48,51,7.69,7.84,7.54
Mass Effect,2008,0,0.59,0,0.08,0.67,89,45,2386,8.89,9.12,8.66
Mass Effect 2,2010.5,0.395,0.385,0.015,0.125,0.92,94,58.5,2320,9.23,9.25,9.215
Mass Effect 3,2012,0.515,0.5,0.015,0.16,1.195,91,26.5,3887.5,8.655,8.555,8.76
Max Payne,2001,0,0.02,0,0,0.02,89,32,1016,8.47,8.72,8.21
Max Payne 2: The Fall of Max Payne,2003,0,0.02,0,0,0.03,86,46,802,8.61,9.03,8.19
Max Payne 3,2012,0.375,0.555,0.03,0.175,1.14,87,30.5,1496,8.48,8.545,8.415
Medal of Honor,2010,0.74,0.635,0.035,0.24,1.65,73.5,41,401,7.425,7.7,7.15
Medal of Honor: Airborne,2007,0.125,0.365,0.015,0.13,0.63,76.5,27,121.5,7.675,7.685,7.665
Medal of Honor: Warfighter,2012,0.31,0.385,0.03,0.15,0.87,55,26,424.5,6.83,7.775,5.885
Medieval II: Total War,2006,0,0.08,0,0.02,0.1,88,39,648,8.82,9.4,8.23
Medieval Moves: Deadmund's Quest,2011,0.13,0.11,0,0.04,0.28,61,41,17,6.96,7.78,6.14
Men of War,2009,0.01,0.02,0,0,0.03,80,22,136,8.06,8.59,7.54
Men of War: Assault Squad,2011,0.01,0.03,0,0.01,0.05,77,21,93,8.17,8.67,7.68
Mercenaries 2: World in Flames,2008,0.29,0.39,0.02,0.16,0.87,72,43,73,7.19,7.55,6.83
Metal Gear Rising: Revengeance,2013,0.45,0.37,0.44,0.16,1.42,80,61,746,8.02,8.57,7.48
Metal Gear Solid 4: Guns of the Patriots,2008,2.63,1.71,0.83,0.82,5.99,94,82,3558,9.12,9.17,9.06
Metal Gear Solid V: Ground Zeroes,2014,0.196666667,0.2,0.146666667,0.076666667,0.623333333,73.66666667,31.66666667,655,8.096666667,8.61,7.586666667
Metal Gear Solid V: The Phantom Pain,2015,0.545,0.715,0.245,0.24,1.745,92,49.5,2953,9.115,9.11,9.12
Metal Gear Solid: Snake Eater 3D,2012,0.15,0.11,0.1,0.02,0.38,78,46,167,8.7,9.69,7.71
Metro 2033,2010,0,0.19,0,0.05,0.24,81,40,1472,8.07,8.42,7.71
Metro: Last Light,2013,0.06,0.11,0,0.02,0.19,82,71,2654,8.12,8.24,8
Metroid Prime: Federation Force,2016,0.02,0.01,0.01,0,0.05,64,56,219,7.75,8.97,6.52
Michael Jackson: The Experience,2011,0.25,0.19,0,0.08,0.52,66,11,16,7.83,8.76,6.91
Midnight Club: Los Angeles,2008,1.56,0.53,0.05,0.31,2.45,82,50,100,8.11,8.27,7.96
Mighty No. 9,2016,0.04,0,0,0.01,0.05,52,64,282,6.38,7.09,5.67
Mini Ninjas,2009,0.07,0.085,0,0.03,0.18,73.5,25.5,70,7.94,8.6,7.29
Mirror's Edge,2008.5,0.155,0.315,0.01,0.115,0.595,80,55,694,8.315,8.72,7.915
Mirror's Edge Catalyst,2016,0.06,0.105,0.01,0.025,0.205,71.5,37,592,7.765,8.265,7.265
ModNation Racers,2010,0.5,0.4,0.06,0.16,1.12,82,85,201,8.31,8.79,7.83
Monster Hunter 4 Ultimate,2014,0.68,0.48,2.62,0.11,3.89,86,80,348,9.07,9.59,8.56
Mortal Kombat,2011,1.98,0.53,0,0.34,2.84,84,60,494,8.79,9.11,8.47
Mortal Kombat X,2015,0.755,0.42,0,0.24,1.415,79.5,45.5,655.5,8.47,8.725,8.21
Mortal Kombat vs. DC Universe,2008,1.48,0.28,0,0.23,2,76,44,107,8,8.45,7.56
MotorStorm,2006,1.53,1.6,0.06,0.67,3.87,84,9,220,7.6,7.6,7.61
MotorStorm: Apocalypse,2011,0.21,0.19,0,0.08,0.48,77,74,155,8.13,8.56,7.7
MotorStorm: Pacific Rift,2008,0.43,0.65,0.02,0.25,1.35,82,63,318,8.06,8.12,8
Mugen Souls Z,2013,0.02,0.01,0.04,0.01,0.07,57,26,56,7.39,8.75,6.03
Murdered: Soul Suspect,2014,0.045,0.105,0.01,0.025,0.185,59,41,344.5,7.195,8.295,6.105
NASCAR '14,2014,0.09,0,0,0.02,0.11,67,7,20,7.18,7.55,6.81
NASCAR 09,2008,0.22,0.01,0,0.02,0.25,65,22,10,7.23,7.39,7.06
NASCAR Heat Evolution,2016,0.04,0,0,0.01,0.05,66,8,18,6.73,7.51,5.95
NBA 2K10,2009,0.75,0.01,0.01,0.07,0.84,83,30,39,8.04,8.2,7.89
NBA 2K11,2010,0.795,0.1,0.015,0.085,0.995,85.5,26,71,8.415,8.435,8.395
NBA 2K12,2011,0.855,0.155,0.025,0.1,1.135,88,21.5,96.5,8.285,8.175,8.385
NBA 2K13,2012,0.865,0.225,0.025,0.135,1.25,90,15.5,114.5,8.385,8.435,8.335
NBA 2K14,2013,1.165,0.31,0.025,0.275,1.78,84.5,23,255,8.575,9.02,8.125
NBA 2K15,2014,1.47,0.54,0.01,0.43,2.45,83,50,291,8.5,8.73,8.26
NBA 2K16,2015,2.49,0.66,0.03,0.69,3.88,87,51,364,8.59,8.67,8.5
NBA 2K17,2016,0.625,0.14,0.01,0.17,0.945,89,26.5,107,7.725,6.795,8.65
NBA 2K7,2006,0.3,0.04,0,0.03,0.37,80,20,8,7.89,7.94,7.85
NBA 2K8,2007,0.5,0.01,0,0.05,0.55,81,18,19,7.95,8.19,7.71
NBA 2K9,2008,0.56,0,0,0.05,0.61,82,30,37,8.28,8.42,8.14
NBA Live 09,2008,0.46,0,0.02,0.04,0.52,75,32,15,7.91,8.28,7.53
NBA Live 10,2009,0.46,0.02,0.01,0.05,0.54,81,32,25,7.84,8.12,7.55
NBA Live 15,2014,0.16,0.04,0,0.04,0.23,59,24,86,7.07,7.84,6.29
NBA Live 16,2015,0.1,0.04,0,0.03,0.18,59,27,70,7.19,8.23,6.15
NCAA Basketball 10,2009,0.31,0,0,0.03,0.33,75,17,6,7.54,7.74,7.33
NCAA Football 08,2007,0.35,0,0,0.03,0.38,77,13,28,7.64,7.69,7.6
NCAA Football 09,2008,0.54,0,0,0.04,0.58,81,20,25,7.8,8.28,7.31
NCAA Football 10,2009,0.75,0,0,0.06,0.81,80,20,14,8.13,8.2,8.07
NCAA Football 11,2010,0.79,0,0,0.06,0.85,85,22,25,8.25,8.31,8.19
NCAA Football 12,2011,0.78,0,0,0.05,0.83,82,17,41,8.16,8.41,7.92
NCAA Football 13,2012,0.82,0,0,0.07,0.89,79,9,34,8.1,8.69,7.5
NCAA Football 14,2013,0.75,0,0,0.09,0.84,77,9,40,8.2,8.98,7.43
NHL 08,2007,0.16,0.06,0,0.03,0.25,86,23,23,7.87,7.77,7.97
NHL 09,2008,0.29,0.02,0,0.03,0.33,88,25,41,8.37,8.39,8.35
NHL 10,2009,0.38,0.12,0,0.07,0.57,88,35,40,8.17,7.94,8.41
NHL 11,2010,0.4,0.12,0,0.07,0.59,88,38,54,8.19,8.01,8.36
NHL 12,2011,0.36,0.15,0,0.07,0.58,86,33,52,8.22,8.14,8.29
NHL 13,2012,0.33,0.21,0,0.09,0.64,84,22,60,7.75,7.32,8.18
NHL 14,2013,0.28,0.17,0,0.09,0.54,80,22,79,8.23,8.9,7.57
NHL 15,2014,0.31,0.19,0,0.1,0.6,60,28,306,6.82,7.51,6.12
NHL 16,2015,0.36,0.16,0,0.11,0.63,78,28,157,8.16,8.39,7.92
NHL 17,2016,0.19,0.08,0,0.06,0.33,78,26,67,7.98,8.16,7.8
NHL 2K10,2009,0.13,0.01,0,0.01,0.15,66,23,8,7.13,7.45,6.81
Napoleon: Total War,2010,0.02,0.53,0,0.12,0.66,81,56,515,8.62,8.94,8.31
Naruto Shippuden: Ultimate Ninja Storm 2,2010,0.42,0.46,0.15,0.18,1.21,76,34,130,8.12,8.6,7.63
Naruto Shippuden: Ultimate Ninja Storm 3,2013,0.32,0.32,0.15,0.15,0.93,77,32,187,8.46,9.28,7.65
Naruto Shippuden: Ultimate Ninja Storm 4,2016,0.41,0.45,0.11,0.17,1.14,79,60,201,8.62,9.41,7.82
Naruto Shippuden: Ultimate Ninja Storm Generations,2012,0.27,0.24,0.14,0.08,0.73,74,23,83,7.8,7.99,7.61
Naruto Shippuden: Ultimate Ninja Storm Revolution,2014,0.15,0.14,0.09,0.06,0.43,73,26,100,8.19,8.97,7.41
Naruto: Powerful Shippuden,2012,0.08,0.02,0.04,0.01,0.15,71,13,19,7.55,7.92,7.17
Naruto: Ultimate Ninja Storm,2008,0.49,0.34,0.09,0.15,1.07,75,32,95,7.89,8.11,7.67
Need for Speed: Hot Pursuit,2010,0.585,0.715,0.015,0.26,1.575,87.5,36.5,428.5,8.385,8.42,8.345
Need for Speed: ProStreet,2007,0.365,0.475,0.02,0.185,1.04,71.5,22,103,7.27,7.18,7.37
Need for Speed: Shift,2009,0.345,0.725,0.02,0.265,1.355,83.5,38.5,250,7.81,7.625,7.985
Need for Speed: The Run,2011,0.253333333,0.446666667,0.01,0.15,0.853333333,66,25,182,7.183333333,7.933333333,6.436666667
NeverDead,2012,0.06,0.04,0.01,0.02,0.12,50,32,47,6.04,6.78,5.31
Neverwinter Nights,2002,0,0.03,0,0,0.03,91,34,490,7.88,8.04,7.71
Neverwinter Nights 2,2006,0,0.02,0,0,0.02,82,46,565,7.77,7.73,7.82
New Super Mario Bros. 2,2012,3.66,3.14,2.47,0.63,9.9,78,70,424,8.62,9.74,7.51
Ni no Kuni: Wrath of the White Witch,2011,0.6,0.47,0.21,0.23,1.51,85,89,984,8.8,9.17,8.43
Nights of Azure,2015,0.03,0.02,0,0.01,0.06,67,40,71,7.75,8.55,6.95
Ninja Gaiden 3,2012,0.19,0.09,0.11,0.05,0.43,58,43,152,6.28,6.84,5.71
Ninja Gaiden Sigma,2007,0.57,0.32,0.09,0.16,1.14,88,46,155,8.27,8.26,8.28
Ninja Gaiden Sigma 2,2009,0.52,0.16,0.08,0.1,0.85,83,52,115,8.41,8.58,8.24
Nitroplus Blasterz: Heroines Infinite Duel,2015,0.01,0,0.02,0,0.04,70,33,28,7.93,8.87,6.99
No Man's Sky,2016,0.63,0.76,0.03,0.27,1.7,71,94,5096,7.18,7.1,7.26
No More Heroes: Heroes' Paradise,2010,0.1,0.04,0.04,0.02,0.19,72,38,38,7.46,7.69,7.22
Nobunaga's Ambition: Sphere of Influence,2014,0.03,0,0,0.01,0.04,80,20,46,8.07,8.69,7.45
Odin Sphere: Leifthrasir,2016,0.07,0.04,0.07,0.02,0.2,87,49,178,9.01,9.3,8.73
Omega Quintet,2014,0,0,0.02,0,0.02,58,22,81,7.53,8.86,6.2
One Piece: Pirate Warriors,2012,0.01,0.23,0.86,0.08,1.18,64,33,55,8.14,9.34,6.93
One Piece: Pirate Warriors 2,2013,0,0.19,0.42,0.05,0.66,71,35,61,8.41,9.51,7.31
One Piece: Pirate Warriors 3,2015,0.09,0.22,0.1,0.06,0.46,74,34,118,8.37,9.33,7.41
Onechanbara Z2: Chaos,2014,0.14,0.03,0.04,0.04,0.24,57,40,72,7.33,8.84,5.81
Operation Flashpoint: Dragon Rising,2009,0.125,0.245,0.025,0.09,0.48,76,35.5,296,7.17,6.865,7.475
Operation Flashpoint: Red River,2011,0.035,0.09,0.035,0.03,0.195,67,30.5,60.5,7.205,7.42,6.99
Order of War,2009,0,0.01,0,0,0.02,69,39,73,6.95,6.74,7.16
Overlord,2007,0,0.02,0,0,0.02,81,27,220,8.34,9.1,7.58
Overlord II,2009,0.055,0.09,0,0.03,0.175,75.5,37,91.5,7.755,8.17,7.34
Overwatch,2016,0.53,0.545,0.075,0.185,1.335,90.5,46.5,2705,8.56,8.26,8.86
PAC-MAN and the Ghostly Adventures,2013,0.03,0.03,0,0.01,0.08,51,6,7,7.56,8.58,6.55
Paper Mario: Sticker Star,2012,1.12,0.41,0.64,0.14,2.3,75,69,382,8.17,8.7,7.64
Patrician IV,2010,0.03,0,0,0,0.04,66,18,34,6.3,6.13,6.46
Payday 2,2013,0.13,0.07,0,0.045,0.24,76.5,31.5,1869.5,8.275,8.925,7.625
Persona Q: Shadow of the Labyrinth,2014,0.34,0.07,0.27,0.04,0.72,83,56,169,8.81,9.35,8.26
Pillars of Eternity,2014,0,0.02,0,0,0.02,89,71,2191,8.65,8.56,8.74
Pirates of the Burning Sea,2008,0,0.01,0,0,0.02,76,30,61,7.37,7.27,7.46
Plants vs. Zombies,2010,0.09,0.02,0,0.015,0.125,86,24.5,475.5,8.8,9.47,8.13
Plants vs. Zombies: Garden Warfare,2014,0.105,0.155,0.005,0.05,0.315,76.5,17,222.5,7.965,8.025,7.9
Plants vs. Zombies: Garden Warfare 2,2016,0.1,0.125,0,0.04,0.27,81.5,17.5,77.5,8.33,8.54,8.115
PlayStation All-Stars Battle Royale,2012,0.5,0.27,0.04,0.15,0.95,74,69,540,8.31,9,7.62
PlayStation Move Heroes,2011,0.08,0.06,0,0.03,0.17,53,39,16,6.77,8.08,5.46
PlayStation VR Worlds,2016,0.06,0.14,0.02,0.04,0.25,59,48,73,7.14,8.61,5.68
Pokemon Mystery Dungeon: Gates to Infinity,2012,0.44,0.29,0.47,0.07,1.27,59,46,134,7.48,8.64,6.32
Portal 2,2011,0.58,0.46,0.01,0.17,1.23,95,53,3468,9.33,9.52,9.14
Prince of Persia,2008,0.47,0.4,0.03,0.17,1.07,85,59,245,8.1,7.94,8.26
Prince of Persia: The Forgotten Sands,2010,0.095,0.195,0.005,0.06,0.36,75,32.5,169,7.45,7.565,7.33
Pro Evolution Soccer 2008,2007,0.04,1.1,0.32,0.13,1.59,74,19,47,6.97,6.7,7.25
Pro Evolution Soccer 2010,2009,0.3,1.27,0.46,0.26,2.28,78,42,76,7.52,7.35,7.69
Pro Evolution Soccer 2011 3D,2011,0.11,0.13,0.11,0.02,0.38,73,43,18,7.35,7.58,7.11
Pro Evolution Soccer 2012,2011,0.34,0.96,0.55,0.33,2.19,80,41,132,7.77,7.73,7.81
Pro Evolution Soccer 2013,2012,0.09,0.35,0.245,0.125,0.805,81,22.5,164,7.73,7.735,7.725
Pro Evolution Soccer 2014,2013,0.015,0.255,0.255,0.005,0.525,76,24,271,7.325,7.11,7.545
Pro Evolution Soccer 2015,2014,0.09,0.45,0.11,0.1,0.75,82,56,386,8.03,8.08,7.99
Pro Evolution Soccer 2016,2015,0.065,0.23,0.065,0.05,0.415,81.5,33,483,7.945,7.64,8.25
Pro Evolution Soccer 2017,2016,0.01,0.145,0.055,0.025,0.235,77,35,307.5,7.625,7.185,8.065
Professor Layton and the Azran Legacy,2013,0,0.48,0.25,0.03,0.75,81,58,86,8.74,9.49,7.98
Project CARS,2015,0.1,0.41,0.01,0.085,0.61,83,42.5,390.5,7.975,7.725,8.225
Project X Zone,2012,0.18,0.04,0.15,0.02,0.39,70,53,146,7.77,8.64,6.89
Psycho-Pass: Mandatory Happiness,2016,0.03,0,0,0.01,0.04,72,26,19,7.01,6.79,7.23
Puppeteer,2013,0.11,0.08,0.02,0.04,0.26,80,75,236,8.85,9.3,8.4
Pure,2008,0.42,0.33,0,0.14,0.89,83,43,30,8.24,8.58,7.9
Putty Squad,2013,0.06,0.07,0,0.03,0.16,38,8,52,6.73,7.91,5.55
Quake 4,2005,0,0.02,0,0,0.02,81,62,281,7.69,7.95,7.44
Quantum Break,2016,0,0.01,0,0,0.02,66,14,539,7.8,8.55,7.04
R.U.S.E.,2010,0.18,0.22,0.02,0.08,0.5,76,37,50,7.72,7.82,7.61
RIFT,2011,0.44,0.16,0,0.07,0.67,84,59,561,7.69,7.4,7.98
Rage,2011,0.305,0.38,0.03,0.13,0.84,80,34.5,985.5,7.805,7.575,8.035
Rail Simulator,2007,0,0.01,0,0,0.01,72,13,24,7.38,7.78,6.98
Ratatouille,2007,0.09,0.32,0,0.1,0.51,55,8,4,7.04,7.53,6.55
Rayman 3D,2011,0.23,0.35,0,0.06,0.64,61,39,48,7.13,7.78,6.48
Rayman Legends,2013.5,0.18,0.49,0,0.13,0.795,90.5,19.5,417.5,8.88,9.07,8.69
Rayman Origins,2011.666667,0.13,0.21,0.003333333,0.063333333,0.41,81.33333333,20.66666667,213.3333333,8.506666667,8.936666667,8.083333333
Record of Agarest War 2,2010,0.09,0,0.04,0.01,0.14,56,6,36,7.54,8.53,6.55
Red Dead Redemption,2010,2.79,2.53,0.17,0.99,6.49,95,73,2456,9.19,9.28,9.09
Red Faction: Armageddon,2011,0.125,0.085,0.015,0.04,0.27,73,40.5,165.5,7.4,7.535,7.265
Red Faction: Guerrilla,2009,0.165,0.15,0.01,0.065,0.385,83.5,42.5,222,8.42,8.785,8.055
Red Orchestra 2: Heroes of Stalingrad,2011,0.04,0.07,0,0.02,0.14,76,49,729,8.31,9.27,7.36
Remember Me,2013,0.05,0.11,0,0.03,0.19,68.5,31.5,715.5,7.735,8.405,7.065
Republique,2016,0,0.01,0.01,0,0.01,72,35,29,7.79,8.48,7.09
Resident Evil 5,2009,0.985,0.725,0.54,0.325,2.58,85,53,632,8.165,8.01,8.325
Resident Evil 6,2013.333333,0.313333333,0.326666667,0.293333333,0.136666667,1.073333333,67.66666667,23.66666667,755.3333333,7.603333333,8.48,6.723333333
Resident Evil: Operation Raccoon City,2012,0.48,0.24,0.36,0.1,1.17,52,36,222,6.3,7,5.6
Resident Evil: Revelations,2012.5,0.22,0.255,0.26,0.07,0.81,78,54,300.5,8.52,9.29,7.745
Resident Evil: Revelations 2,2015,0.13,0.24,0.1,0.07,0.55,75,30,284,7.93,8.24,7.63
Resident Evil: The Mercenaries 3D,2011,0.16,0.16,0.13,0.03,0.49,65,69,110,7.52,8.71,6.33
Resistance 2,2008,1.15,0.84,0.1,0.38,2.46,87,79,1889,8.23,8.09,8.37
Resistance 3,2011,0.64,0.57,0.05,0.22,1.48,83,91,543,8.2,8.19,8.22
Resistance: Fall of Man,2006,1.74,1.72,0.14,0.75,4.34,86,70,715,7.94,7.89,8
Resonance of Fate,2010,0.2,0.21,0.24,0.08,0.73,72,42,136,7.78,8.06,7.5
Ride,2015,0.02,0.08,0.015,0.015,0.125,67,19,38.5,7.395,7.98,6.815
Ridge Racer 3D,2011,0.19,0.15,0.12,0.03,0.49,75,59,56,8.05,8.75,7.35
Ridge Racer 7,2006,0.24,0.7,0.16,0.26,1.36,78,45,52,7.72,7.72,7.73
Ridge Racer Unbounded,2012,0.025,0.055,0,0.015,0.095,72,14.5,56,6.91,6.545,7.275
Rise of Nations: Rise of Legends,2006,0,0.03,0,0.01,0.03,84,46,108,7.72,7.69,7.76
Rise of the Tomb Raider,2016,0,0.11,0,0.01,0.12,86,45,915,8.87,9.29,8.44
Risen,2009,0,0.11,0,0.02,0.14,77,32,676,7.82,8.54,7.11
Risen 2: Dark Waters,2012,0.02,0.16,0.005,0.035,0.22,58,32,394,6.935,7.315,6.56
Risen 3: Titan Lords,2014,0.01,0.065,0,0.005,0.085,50.5,28.5,449.5,6.89,7.57,6.205
Rock Band 2,2008,1.13,0.2,0,0.16,1.49,91,24,88,8.32,8.36,8.29
Rock Band 3,2010,0.43,0.08,0,0.05,0.57,91,34,95,8.66,8.36,8.96
Rock Band 4,2015,0.26,0.05,0,0.07,0.38,78,51,87,8.02,8.32,7.73
Rocket League,2016,0.02,0.16,0,0.025,0.215,85.5,35,935,8.775,9.275,8.265
Rocksmith,2011,0.53,0.36,0.09,0.15,1.12,80,27,52,7.78,8,7.55
Rodea the Sky Soldier,2015,0.03,0,0,0,0.04,45,7,37,6.58,7.82,5.35
Rome: Total War,2004,0,0.09,0,0.02,0.1,92,58,1050,8.75,9.18,8.32
Rory McIlroy PGA Tour,2015,0.18,0.25,0,0.08,0.52,61,33,78,6.4,6.63,6.16
Rugby World Cup 2011,2011,0,0.24,0,0.07,0.32,50,12,7,6.64,7.38,5.9
Rune Factory 4,2012,0.32,0,0.21,0.03,0.57,78,33,122,8.73,9.58,7.88
Rune Factory: Tides of Destiny,2011,0.14,0,0.07,0.02,0.23,55,12,44,7.6,8.44,6.75
S.T.A.L.K.E.R.: Call of Pripyat,2009,0,0.05,0,0.01,0.06,80,44,602,8.61,9.48,7.75
S.T.A.L.K.E.R.: Clear Sky,2008,0,0.03,0,0.01,0.04,75,47,478,7.9,8.54,7.26
S.T.A.L.K.E.R.: Shadow of Chernobyl,2007,0.01,0.04,0,0.01,0.06,82,44,1088,8.6,9.33,7.87
SOCOM 4: U.S. Navy SEALs,2011,0.66,0.11,0.04,0.08,0.89,67,64,121,7.26,7.91,6.61
SOCOM: U.S. Navy SEALs Confrontation,2008,0.94,0.16,0.02,0.13,1.25,63,64,223,6.73,7.03,6.44
SSX,2012,0.35,0.41,0.02,0.14,0.91,81,38,110,8.38,8.68,8.09
SWAT 4,2005,0,0.02,0,0,0.03,85,49,224,8.12,8.12,8.13
Sacred 2: Fallen Angel,2008.5,0.11,0.135,0.04,0.05,0.335,70.5,43,127,7.28,7.33,7.23
Sacred 3,2014,0.03,0.04,0.03,0.01,0.1,56,13,46,7.03,8.02,6.05
Saint Seiya: Soldiers' Soul,2015,0,0.12,0.04,0.02,0.18,59,30,45,7.62,9.33,5.91
Saints Row 2,2008.5,0.44,0.285,0.01,0.13,0.86,77,37,257.5,7.89,8.265,7.515
Saints Row IV,2013,0.335,0.235,0.045,0.105,0.72,81,35.5,910.5,8.51,8.97,8.055
Saints Row: Gat out of Hell,2015,0,0.04,0,0.01,0.05,64,45,98,7.76,8.5,7.01
Saints Row: The Third,2011,0.51,0.6,0.09,0.22,1.425,83,36,823.5,8.62,9.31,7.93
Samurai Warriors 4,2014,0.08,0.07,0.06,0.03,0.24,76,31,74,8.26,8.93,7.59
Samurai Warriors 4-II,2015,0.03,0.02,0.06,0.01,0.12,73,26,24,8.03,9.02,7.04
Samurai Warriors 4: Empires,2015,0.02,0.01,0.06,0.01,0.1,71,29,15,7.94,8.77,7.12
Samurai Warriors Chronicles 3,2014,0,0,0.08,0,0.08,63,13,10,7.61,8.66,6.56
Scarface: The World is Yours,2006,0.01,0.02,0,0,0.04,73,18,57,7.56,7.62,7.51
Scribblenauts Unmasked: A DC Comics Adventure,2013,0.09,0,0,0.01,0.1,68,7,20,7.78,8.76,6.79
Secret Files 2: Puritas Cordis,2009,0,0.03,0,0,0.04,64,14,17,7.39,7.74,7.04
Section 8,2009,0.02,0.01,0,0,0.03,72,31,78,7.15,7.17,7.12
Sega Superstars Tennis,2008,0.13,0.2,0,0.07,0.4,67,31,7,7.2,7.43,6.97
Senran Kagura: Estival Versus,2015,0.08,0,0.08,0.02,0.18,67,25,96,8.16,9.29,7.03
Shadows of the Damned,2011,0.11,0.09,0.04,0.03,0.27,77,56,124,7.75,7.95,7.55
Shantae and the Pirate's Curse,2015,0.01,0,0.03,0,0.04,82,18,86,8.81,9.62,8.01
Shaun White Snowboarding,2008,0.31,0.23,0.01,0.1,0.65,63,30,26,7.12,7.6,6.63
Sherlock Holmes: The Devil's Daughter,2016,0.005,0.005,0,0,0.01,67.5,22.5,68,7.46,8.02,6.905
Shin Megami Tensei IV,2013,0.28,0,0.27,0.03,0.58,83,48,251,8.9,9.52,8.28
Shinobi,2011,0.14,0.07,0,0.02,0.22,69,33,33,7.91,8.66,7.17
Shovel Knight,2015,0.055,0.035,0.01,0.01,0.11,90,13.5,268.5,9.125,9.635,8.62
Sid Meier's Civilization IV,2005,0.02,0.12,0,0.03,0.16,94,50,909,8.76,8.89,8.63
Sid Meier's Civilization Revolution,2008,0.49,0.19,0.01,0.09,0.78,85,39,87,8.08,8.15,8.01
Sid Meier's Civilization V,2010,0.98,0.52,0,0.17,1.68,90,70,2280,9.13,9.55,8.72
Sid Meier's Civilization VI,2016,0.09,0.13,0,0.02,0.25,88,81,684,8.47,8.09,8.84
Sid Meier's Civilization: Beyond Earth,2014,0.11,0.22,0,0.03,0.36,81,78,1027,6.84,5.68,8.01
Silent Hill: Downpour,2012,0.21,0.15,0.04,0.06,0.46,64,41,262,7.19,7.92,6.46
Silent Hunter III,2005,0,0.07,0,0.01,0.08,90,23,95,8.3,8.56,8.04
SimCity,1988,0,0.02,0,0.01,0.03,64,75,4572,6.27,5.98,6.55
SimCity Societies,2007,0,0.02,0,0,0.02,63,27,95,6.41,6.45,6.38
Singularity,2010,0,0.04,0,0.01,0.05,76,36,326,8.21,8.95,7.48
Sins of a Solar Empire,2008,0,0.02,0,0,0.03,87,52,275,8.11,7.9,8.33
Siren: Blood Curse,2008,0,0.17,0.09,0.01,0.27,78,42,87,8.21,8.73,7.7
Skate,2007,0.29,0.04,0,0.03,0.37,85,31,57,7.96,7.96,7.97
Skate 2,2009,0.46,0.25,0.01,0.12,0.84,84,50,53,8.1,8.29,7.91
Skate 3,2010,0.79,0.88,0,0.32,1.98,80,46,82,8.11,8.58,7.65
Skylanders Giants,2012,0.24,0.25,0,0.105,0.6,68,15,15.5,7.53,8.225,6.84
Skylanders Imaginators,2016,0.04,0.08,0,0.02,0.14,80,47,17,8.36,8.96,7.77
Skylanders SWAP Force,2013,0.243333333,0.22,0,0.083333333,0.55,76.66666667,16.66666667,30.33333333,8.07,8.816666667,7.323333333
Skylanders: Spyro's Adventure,2011,0.355,0.295,0,0.105,0.755,79.5,13,52,7.865,8.2,7.53
Skylanders: SuperChargers,2015,0.17,0.08,0,0.05,0.31,81,51,29,8.09,8.35,7.82
Skylanders: Trap Team,2014,0.19,0.18,0,0.07,0.44,78,46,32,8.38,8.82,7.95
Sleeping Dogs,2012,0.185,0.27,0.025,0.1,0.58,82,31.5,927,8.695,9.22,8.17
Sly Cooper: Thieves in Time,2013,0.35,0.12,0,0.08,0.54,75,69,343,8.26,9.16,7.36
Sniper Elite,2005,0,0.01,0,0,0.02,76,13,142,7.41,7.59,7.23
Sniper Elite V2,2012,0.38,0.38,0.06,0.14,0.96,70,21,92,7.6,8.28,6.93
Sniper: Ghost Warrior,2011,0.27,0.34,0.04,0.13,0.79,53,17,34,6.85,7.73,5.97
Sniper: Ghost Warrior 2,2013,0.035,0.115,0.015,0.04,0.205,52,19.5,201,6.55,7.67,5.425
Soldier of Fortune: Payback,2007,0.12,0.02,0,0.01,0.15,50,14,13,6.57,7.13,6.01
Song of the Deep,2016,0.045,0,0,0.005,0.055,71,26.5,22.5,7.855,8.39,7.325
Sonic Boom: Shattered Crystal,2014,0.17,0.09,0,0.03,0.29,47,21,160,7.04,8.69,5.39
Sonic Generations,2011,0.353333333,0.41,0.01,0.123333333,0.903333333,73,26,232.6666667,8.23,8.923333333,7.536666667
Sonic Lost World,2013,0.24,0.14,0.07,0.03,0.49,59,34,144,7.6,8.72,6.47
Sonic Unleashed,2008,0.56,0.32,0.01,0.14,1.02,54,24,130,7.33,8.47,6.2
Sorcery,2012,0.14,0.11,0,0.05,0.29,70,52,57,7.36,8.04,6.68
SoulCalibur IV,2008,0.72,0.4,0.14,0.2,1.46,85,65,129,7.89,7.94,7.83
SoulCalibur V,2012,0.35,0.23,0.07,0.09,0.75,81,53,150,7.88,7.84,7.91
South Park: The Stick of Truth,2014,0.25,0.22,0,0.085,0.555,85,39.5,1157,8.895,9.405,8.395
Spec Ops: The Line,2012,0.15,0.16,0.02,0.05,0.385,76.5,21.5,793.5,8.395,9.055,7.73
Spider-Man: Edge of Time,2011,0.105,0.05,0,0.02,0.17,54,25,20.5,7.195,8.245,6.145
Spider-Man: Shattered Dimensions,2010,0.26,0.12,0,0.05,0.44,74,57,96,7.63,7.95,7.31
Spider-Man: Web of Shadows,2008,0.1,0.03,0,0.01,0.14,59.5,27.5,45.5,7.245,7.78,6.72
Spirit Camera: The Cursed Memoir,2012,0.13,0.02,0.06,0.01,0.22,54,35,28,6.58,7.69,5.47
Spore,2008,0.03,1.06,0,0.08,1.17,84,75,1711,8.41,8.78,8.04
Star Fox 64 3D,2011,0.48,0.27,0.13,0.06,0.94,81,65,231,8.32,8.77,7.86
Star Ocean: The Last Hope International,2010,0.28,0.15,0.22,0.07,0.72,74,45,155,8.17,8.68,7.66
Star Trek Online,2010,0,0.02,0,0,0.02,66,34,694,7.28,7.66,6.9
Star Trek: Legacy,2006,0,0.01,0,0,0.02,56,25,35,7.36,8.22,6.49
Star Wars: Battlefront,2004,0.07,0.13,0,0.02,0.21,72,19,1509,6.76,6.44,7.09
Star Wars: Battlefront II,2005,0.02,0.13,0,0.02,0.17,78,23,431,7.63,8.49,6.77
Star Wars: Empire at War,2006,0.01,0.06,0,0.01,0.08,79,45,240,8.66,9.52,7.81
Star Wars: Knights of the Old Republic,2003,0.01,0.1,0,0.02,0.14,93,33,1497,8.55,8.88,8.23
Star Wars: Republic Commando,2005,0,0.04,0,0.01,0.05,78,34,279,8.48,9.26,7.71
Star Wars: The Force Unleashed,2008,1.01,0.85,0,0.35,2.21,71,47,233,7.73,8.05,7.41
Star Wars: The Force Unleashed II,2010,0.415,0.245,0,0.105,0.765,61,27.5,141.5,6.75,7.105,6.395
Star Wars: The Old Republic,2011,1.58,1.01,0,0.38,2.96,85,73,2748,8.18,7.96,8.4
StarCraft II: Legacy of the Void,2015,0.19,0.29,0,0.04,0.53,88,62,833,8.54,8.41,8.67
StarCraft II: Wings of Liberty,2010,2.57,1.68,0,0.58,4.84,93,82,3052,8.88,8.58,9.19
Starhawk,2012,0.18,0.05,0.03,0.03,0.29,77,71,188,7.94,8.16,7.72
Steel Diver,2011,0.31,0.09,0.05,0.03,0.49,58,55,29,6.77,7.77,5.77
Steins;Gate,2012,0.01,0.02,0.02,0.01,0.06,83,8,51,8.57,9.11,8.03
Steins;Gate 0,2015,0,0,0.05,0,0.05,81,17,29,8.62,9.29,7.95
Stella Glow,2015,0.16,0.01,0.05,0.02,0.24,79,32,82,8.51,9.43,7.58
Story of Seasons,2014,0,0.14,0.27,0.01,0.42,76,39,54,8.11,8.75,7.48
Stranglehold,2007,0.24,0.02,0,0.03,0.3,77,22,48,7.43,7.31,7.55
Street Fighter IV,2009,2.03,1.04,0.58,0.52,4.16,94,61,330,8.47,8.14,8.8
Street Fighter V,2016,0.2,0.165,0.04,0.07,0.48,75.5,56.5,826,7.475,7.185,7.765
Street Fighter X Tekken,2012,0.21,0.115,0.05,0.045,0.425,81.5,29.5,162.5,7.4,6.905,7.895
Super Dungeon Bros,2016,0.01,0,0,0,0.01,42,9,7,6.12,7.03,5.21
Super Mario 3D Land,2011,4.89,3,2.14,0.78,10.81,90,82,921,9.22,9.76,8.67
Super Monkey Ball 3D,2011,0.26,0.15,0.05,0.04,0.49,55,57,31,6.81,7.77,5.85
Super Stardust Ultra VR,2016,0,0.01,0,0,0.01,66,13,13,7.72,8.55,6.88
Supreme Commander,2007,0,0.04,0,0.01,0.05,86,44,263,8.49,8.71,8.27
Supreme Commander 2,2010,0,0.15,0,0.04,0.19,77,54,803,7.89,8.43,7.36
Supreme Commander: Forged Alliance,2007,0.01,0.02,0,0,0.04,81,35,219,8.72,9.48,7.96
Sword Art Online: Hollow Realization,2016,0.06,0.02,0.1,0.02,0.19,69,32,52,8,9.07,6.93
Sword Art Online: Lost Song,2015,0.1,0.11,0,0.04,0.25,63,32,60,7.77,9.13,6.41
Syndicate,2012,0.07,0.06,0,0.02,0.14,75,29,106,7.37,7.33,7.4
Sbastien Loeb Rally Evo,2016,0,0.04,0,0.01,0.04,71,28,73,7.2,7.43,6.97
Tales of Graces f,2010,0.28,0.18,0.45,0.07,0.98,77,55,336,8.31,8.8,7.82
Tales of Xillia,2011,0.29,0.18,0.67,0.09,1.22,78,65,468,8.49,8.95,8.03
Tales of Zestiria,2015,0.17,0.15,0.02,0.06,0.4,72,59,315,8.06,8.7,7.41
Tales of the Abyss,2011,0.43,0.19,0.14,0.06,0.83,75,33,197,8.01,8.76,7.26
Tearaway Unfolded,2015,0.09,0.13,0,0.04,0.26,81,70,188,8.43,8.62,8.24
Tears to Tiara II: Heir of the Overlord,2013,0.07,0.01,0.06,0.02,0.15,65,18,41,7.95,8.7,7.21
Teenage Mutant Ninja Turtles: Mutants in Manhattan,2016,0.05,0.02,0,0.02,0.09,44,49,163,6.56,8.3,4.83
Tekken 3D: Prime Edition,2012,0.06,0.07,0.05,0.01,0.2,64,42,39,7.66,8.7,6.62
Tekken 6,2009,1.2,0.97,0.17,0.42,2.75,79,63,211,8.07,8.23,7.92
Tekken Tag Tournament 2,2012,0.28,0.31,0.13,0.13,0.85,82,50,193,8.47,8.7,8.25
Tenkai Knights: Brave Battle,2014,0.01,0.01,0,0,0.02,26,10,22,6.27,7.74,4.81
Terraria,2013.5,0.0175,0.105,0.0375,0.0175,0.1775,79.5,12.75,437.75,8.6125,9.45,7.77
Test Drive Unlimited,2007,0,0.02,0,0,0.02,79,18,124,7.86,8.19,7.54
The Adventures of Tintin: The Game,2011,0.055,0.12,0,0.035,0.205,57.5,17.5,12.5,7.28,8.025,6.535
The Awakened Fate Ultimatum,2014,0,0,0.02,0,0.02,65,20,23,7.31,7.83,6.78
The Beatles: Rock Band,2009,0.67,0.29,0,0.15,1.12,88,60,59,8.49,8.31,8.68
The Bureau: XCOM Declassified,2013,0.04,0.09,0,0.02,0.15,67.5,33.5,350,6.96,7.26,6.66
The Chronicles of Narnia: Prince Caspian,2008,0.14,0.01,0,0.02,0.17,56,16,8,6.98,7.3,6.65
The Chronicles of Riddick: Assault on Dark Athena,2009,0.06,0.05,0,0.02,0.13,80,35.5,88,7.75,8.015,7.485
The Club,2008,0.14,0.07,0,0.03,0.23,72,42,15,7.13,6.93,7.33
The Crew,2014,0.175,0.615,0.015,0.135,0.94,66,36,519,7.165,7.565,6.765
The Cursed Crusade,2011,0.07,0.06,0.01,0.03,0.17,45,17,26,6.45,7.77,5.14
The Darkness,2007,0.2,0.33,0,0.13,0.66,80,35,107,7.85,7.83,7.88
The Darkness II,2012,0.12,0.08,0,0.03,0.23,78,24,287.5,8.17,8.505,7.84
The Elder Scrolls IV: Oblivion,2006.5,0.85,0.525,0.07,0.235,1.675,93.5,49.5,1529,8.72,8.905,8.53
The Elder Scrolls Online,2014,0.32,0.51,0,0.07,0.9,71,64,2421,7.5,8.07,6.92
The Elder Scrolls V: Skyrim,2011,1.855,2.36,0.125,0.8,5.145,93,24,5800,9.015,9.12,8.915
The Evil Within,2014,0.325,0.51,0.055,0.145,1.03,71.5,41.5,972,7.9,8.49,7.315
The First Templar,2011,0.06,0.01,0,0.01,0.08,57,19,60,6.81,7.29,6.32
The Godfather II,2009,0.41,0.21,0.01,0.1,0.74,67,53,50,7.34,7.68,7
The Golf Club,2014,0.05,0.02,0,0.01,0.08,66,11,67,7.4,8.04,6.77
The Guided Fate Paradox,2013,0,0,0.06,0,0.07,74,27,66,7.91,8.36,7.45
The Incredible Hulk,2008,0.22,0.02,0,0.02,0.26,55,26,20,6.8,7.5,6.09
The King of Fighters XII,2009,0.11,0.01,0.03,0.01,0.16,57,48,46,6.31,6.47,6.16
The King of Fighters XIII,2011,0.17,0.06,0.04,0.03,0.3,77,26,76,8.16,8.31,8.02
The King of Fighters XIV,2016,0.07,0.02,0.04,0.02,0.15,79,54,208,8.56,9.22,7.91
The LEGO Movie Videogame,2014,0.196666667,0.26,0.01,0.086666667,0.553333333,73,14.33333333,47.66666667,7.86,8.533333333,7.19
The Last Remnant,2009,0,0.01,0,0,0.01,66,23,240,7.54,8.02,7.07
The Last of Us,2013,2.41,2.18,0.28,0.99,5.87,95,98,8003,9.45,9.49,9.42
The Legend of Heroes: Trails of Cold Steel,2013,0.05,0.02,0.12,0.01,0.2,86,12,128,8.3,8.96,7.65
The Legend of Heroes: Trails of Cold Steel II,2014,0.02,0.02,0.11,0.01,0.15,90,4,71,8.39,8.92,7.85
The Legend of Legacy,2015,0.12,0.01,0.1,0.02,0.25,67,31,54,7.23,7.83,6.64
The Legend of Spyro: Dawn of the Dragon,2008,0.19,0.18,0,0.07,0.44,59,22,36,7,7.29,6.71
The Legend of Zelda: A Link Between Worlds,2013,1.4,1.01,0.46,0.23,3.1,91,81,1057,9.3,9.7,8.9
The Legend of Zelda: Majora's Mask 3D,2015,1.15,0.55,0.47,0.17,2.34,89,82,478,9.38,9.7,9.05
The Legend of Zelda: Tri Force Heroes,2015,0.53,0.33,0.17,0.08,1.12,73,73,179,8.08,8.71,7.45
The Lord of the Rings: Conquest,2009,0.19,0.135,0,0.055,0.38,55.5,34.5,49.5,6.83,7.075,6.58
The Lord of the Rings: War in the North,2011,0.05,0.11,0,0.03,0.19,66,21,289,7.35,7.72,6.98
The Order: 1886,2015,0.61,0.78,0.06,0.27,1.74,63,94,3172,7.4,8.23,6.57
The Saboteur,2009,0.1,0.13,0,0.04,0.27,74,37,177,7.455,7.86,7.045
The Settlers 7: Paths to a Kingdom,2010,0,0.27,0,0.05,0.31,79,33,213,6.96,6.43,7.48
The Settlers: Rise of an Empire,2007,0.01,0.01,0,0,0.02,66,19,44,7.02,7.27,6.77
The Simpsons Game,2007,0.38,0.36,0,0.15,0.88,71,30,49,7.52,7.83,7.2
The Sims,2000,0.01,0.03,0,0.01,0.05,92,38,451,8.05,7.88,8.23
The Sims 2,2004,0.02,0.24,0,0.04,0.29,90,61,676,8.24,8.32,8.15
The Sims 3,2010,0.673333333,2.56,0.016666667,0.323333333,3.57,72,47.66666667,324,7.55,8.056666667,7.043333333
The Sims 4,2014,1,1.82,0,0.23,3.05,70,74,2057,7.14,7.33,6.95
The Technomancer,2016,0.01,0.025,0,0.005,0.035,58,36,132.5,6.775,7.19,6.36
The Testament of Sherlock Holmes,2012,0.025,0.1,0,0.025,0.155,69,17,81,7.62,8.035,7.205
The Tomb Raider Trilogy,2011,0.27,0.46,0,0.15,0.88,78,37,60,8.2,8.84,7.56
The Walking Dead: Survival Instinct,2013,0.28,0.15,0,0.08,0.51,34,14,196,6.07,7.97,4.17
The Witch and the Hundred Knight,2013,0.07,0.02,0.1,0.02,0.2,53,44,80,7.09,8.09,6.09
The Witcher,2007,0,0.05,0,0.01,0.06,81,50,1116,8.05,8.28,7.82
The Witcher 2: Assassins of Kings,2011,0.25,0.56,0,0.14,0.96,88,76,4378,8.68,8.86,8.5
The Witcher 3: Wild Hunt,2015,0.615,1.295,0.115,0.32,2.345,92.5,55.5,10422,9.345,9.71,8.98
The Witcher: Enhanced Edition,2008,0.32,0.01,0,0,0.32,86,30,1660,8.47,8.78,8.17
The Wolf Among Us,2014,0.1,0.07,0,0.04,0.21,83,6,259,8.57,9.53,7.61
Theatrhythm Final Fantasy: Curtain Call,2014,0.13,0.08,0.15,0.02,0.37,83,52,66,8.55,8.8,8.31
Thor: God of Thunder,2011,0.06,0.03,0,0.01,0.1,55,10,5,7.36,8.65,6.07
Tiger Woods PGA Tour 10,2009,0.42,0.25,0,0.11,0.78,81,38,9,7.99,8.14,7.84
Tiger Woods PGA Tour 12: The Masters,2011,0.52,0.25,0,0.11,0.89,80,41,17,7.96,8.05,7.87
Tiger Woods PGA Tour 13,2012,0.24,0.21,0,0.08,0.54,75,14,9,7.86,8.38,7.34
Tiger Woods PGA Tour 14,2013,0.16,0.14,0,0.07,0.37,74,28,26,7.99,8.38,7.6
Time Crisis 4,2007,0.32,0.32,0.05,0.14,0.83,60,52,21,6.82,7.32,6.32
Time and Eternity,2012,0.06,0.03,0.06,0.02,0.17,42,40,78,6.36,7.83,4.9
TimeShift,2007,0.075,0,0,0.005,0.085,70.5,23,75.5,7.14,7.395,6.88
Titan Quest,2006,0.01,0.04,0,0.01,0.06,77,51,387,7.91,8.02,7.8
Titanfall,2014,0.22,0.3,0,0.04,0.56,86,29,1727,7.92,7.38,8.46
Titanfall 2,2016,0.185,0.145,0.025,0.065,0.415,87,41.5,596,8.92,9.295,8.55
Tokyo Jungle,2012,0,0,0.26,0,0.26,74,60,89,8.32,9.23,7.4
Tokyo Twilight Ghost Hunters,2014,0.03,0,0.02,0.01,0.06,64,11,17,7.06,7.34,6.78
Tom Clancy's EndWar,2008.5,0.165,0.12,0.005,0.05,0.34,72,28.5,42,7.635,7.93,7.34
Tom Clancy's Ghost Recon: Future Soldier,2012,0.23,0.21,0.045,0.07,0.56,75,15.5,262,7.685,7.81,7.56
Tom Clancy's Ghost Recon: Shadow Wars,2011,0.22,0.09,0,0.03,0.34,77,49,78,7.73,7.81,7.65
Tom Clancy's Rainbow Six: Vegas,2007,0.47,0.53,0.03,0.22,1.25,86,32,81,8.13,7.97,8.29
Tom Clancy's Rainbow Six: Vegas 2,2008,0.33,0.23,0.02,0.105,0.68,79.5,26,139,8.14,8.565,7.71
Tom Clancy's Splinter Cell Classic Trilogy HD,2011,0.02,0,0,0,0.02,67,21,29,7.92,8.79,7.05
Tom Clancy's Splinter Cell: Conviction,2010,0,0.08,0,0.02,0.11,83,20,672,7.55,7.21,7.9
Tom Clancy's Splinter Cell: Double Agent,2007,0.2,0.03,0,0.03,0.26,78,17,41,7.97,8.22,7.71
Tom Clancy's The Division,2016,0.785,0.925,0.075,0.32,2.105,79.5,48.5,1703.5,7.845,7.7,7.985
Tomb Raider,1996,0.96,0.07,0,0,1.03,86,18,3552,8.83,9.45,8.2
Tomb Raider: Anniversary,2007,0,0.03,0,0.01,0.03,83,26,242,8.08,8.24,7.91
Tomb Raider: Underworld,2008,0.225,0.305,0.025,0.115,0.67,77.5,31,219,7.745,7.97,7.53
Tony Hawk's Proving Ground,2007,0.36,0.04,0,0.04,0.44,73,36,17,7.46,7.44,7.49
Top Spin 3,2008,0.08,0.36,0,0.12,0.57,75,36,20,7.79,7.85,7.74
Top Spin 4,2011,0.17,0.39,0,0.13,0.69,82,37,55,8.39,8.5,8.28
Torchlight,2009,0,0.06,0,0.01,0.07,83,57,794,8.28,8.71,7.85
Total War: Attila,2015,0.09,0.13,0,0.02,0.24,80,66,520,7.82,7.8,7.83
Total War: Rome II,2013,0.12,0.53,0,0.07,0.72,76,71,3742,8,8.15,7.85
Total War: Shogun 2,2011,0.19,0.31,0,0.09,0.6,90,62,1180,8.89,8.95,8.83
Total War: WARHAMMER,2016,0,0.12,0,0.01,0.13,86,77,556,8.09,7.7,8.47
Touhou Genso Rondo: Bullet Ballet,2016,0.02,0,0,0,0.02,55,19,34,7.23,8.5,5.96
Tour de France 2014,2014,0,0.03,0,0,0.03,53,9,22,7.16,8.08,6.23
Transformers: Devastation,2015,0.05,0.06,0,0.02,0.13,75.5,29.5,108,8.23,8.86,7.605
Transformers: Fall of Cybertron,2012,0.1,0.07,0,0.03,0.2,77.5,22.5,104,8.315,8.93,7.7
Trials Fusion,2014,0.065,0.125,0.005,0.035,0.225,79.5,31.5,170.5,7.705,7.565,7.85
Trine,2009,0,0.01,0,0,0.01,80,50,488,8.61,9.34,7.87
Trine 2,2011,0,0.03,0,0.01,0.04,84,55,667,8.79,9.43,8.15
Trinity Universe,2009,0.07,0.05,0.03,0.02,0.18,62,25,28,6.98,7.48,6.48
Tropico 3,2009,0,0.04,0,0.01,0.04,79,48,184,8.23,8.51,7.96
Tropico 4,2011,0.1,0.13,0,0.04,0.27,78,46,359,8.4,8.99,7.81
Tropico 5,2014.5,0.04,0.125,0.03,0.025,0.215,75.5,34,230.5,7.705,8,7.41
Turok,2008,0.35,0.21,0.01,0.1,0.67,67,38,39,6.85,6.99,6.72
Two Worlds II,2011,0.175,0.095,0.03,0.035,0.33,73,29.5,190,6.855,6.395,7.31
UFC 2009 Undisputed,2009,1.07,0.44,0.01,0.24,1.76,84,58,47,7.98,7.91,8.05
UFC Undisputed 2010,2010,0.8,0.4,0.02,0.18,1.41,85,54,48,8.06,8.15,7.97
UFC Undisputed 3,2012,0.55,0.32,0.03,0.13,1.03,86,30,92,8.48,8.68,8.28
Ultimate Marvel vs. Capcom 3,2011,0,0.04,0.04,0.01,0.09,80,36,114,8.07,8.19,7.95
Ultra Street Fighter IV,2015,0,0.08,0,0.01,0.1,71,28,94,8.16,9.18,7.14
Uncharted 2: Among Thieves,2009,3.27,2.2,0.21,0.98,6.66,96,105,5187,9.27,9.2,9.33
Uncharted 3: Drake's Deception,2011,2.77,2.75,0.19,1.03,6.74,92,97,3712,9.02,8.87,9.18
Uncharted 4: A Thief's End,2016,1.85,2.5,0.19,0.85,5.38,93,113,7064,9.43,9.58,9.28
Uncharted: Drake's Fortune,2007,2.31,1.72,0.12,0.77,4.92,88,66,2306,8.25,8.34,8.17
Unreal Tournament 2004,2004,0,0.01,0,0,0.02,93,48,537,8.83,9.39,8.26
Unreal Tournament III,2007,0.165,0.14,0,0.055,0.365,84.5,41.5,325,8.17,8.27,8.07
Until Dawn,2015,0.45,0.9,0.05,0.26,1.66,79,103,2161,8.6,9.22,7.98
Until Dawn: Rush of Blood,2016,0.18,0.15,0,0.07,0.39,72,49,68,7.91,8.75,7.07
Valentino Rossi: The Game,2016,0.005,0.03,0,0.005,0.045,73.5,11.5,32,7.54,7.985,7.1
Valkyria Chronicles,2008,0.71,0.19,0.24,0.13,1.27,86,60,433,8.55,8.71,8.39
Vanquish,2010,0.21,0.21,0.11,0.08,0.61,84,61,304,8.48,8.8,8.16
Venetica,2009.5,0.035,0.035,0,0.01,0.085,54,15.5,28.5,6.78,7.365,6.19
Viking: Battle for Asgard,2008,0.14,0.17,0,0.07,0.38,65,38,32,6.96,7.24,6.68
Virtua Fighter 5,2007,0.29,0.51,0.08,0.2,1.08,85,47,67,7.87,7.51,8.24
Virtua Tennis 2009,2009,0.09,0.22,0,0.06,0.38,70,34,21,6.97,6.96,6.98
Virtua Tennis 4,2011,0.09,0.24,0.03,0.08,0.44,69,49,28,6.97,7.24,6.69
WWE '12,2011,0.53,0.45,0.02,0.17,1.17,72,28,80,7.73,8.16,7.29
WWE '13,2012,0.51,0.6,0,0.25,1.35,76,24,99,8.04,8.3,7.79
WWE 2K14,2013,0.49,0.46,0,0.19,1.14,74,22,121,8.27,9,7.53
WWE 2K15,2014,0.375,0.43,0,0.16,0.965,58.5,24.5,110.5,7.265,8.28,6.25
WWE 2K16,2015,0.41,0.6,0,0.2,1.21,73,47,237,7.84,8.34,7.33
WWE 2K17,2016,0.17,0.34,0,0.09,0.6,69,50,88,7.67,8.48,6.86
WWE All Stars,2011,0.155,0.12,0,0.045,0.32,73,31.5,21.5,7.45,7.86,7.04
Wanted: Weapons of Fate,2009,0.14,0.1,0.01,0.04,0.29,61,56,25,6.95,7.18,6.71
Warcraft III: Reign of Chaos,2002,0.03,0.09,0,0.02,0.13,92,40,1023,8.61,8.56,8.67
"Warhammer 40,000: Dawn of War",2004,0.01,0.03,0,0.01,0.05,86,51,295,8.59,9.29,7.89
"Warhammer 40,000: Dawn of War II",2009,0,0.45,0,0.02,0.47,85,67,1502,8.46,8.5,8.42
"Warhammer 40,000: Space Marine",2011,0.11,0.16,0,0.055,0.32,72,40,379,7.805,8.58,7.02
Warhammer: Mark of Chaos,2006,0,0.02,0,0,0.03,73,32,57,7.2,7.16,7.25
Warhawk,2007,0.49,0.39,0,0.17,1.06,84,50,183,8.26,8.46,8.07
Warriors Orochi 3,2011,0,0.04,0.57,0.01,0.62,70,17,35,8.44,9.47,7.42
Warriors: Legends of Troy,2011,0.06,0.04,0.07,0.02,0.19,44,22,24,6.78,8.11,5.44
Wasteland 2,2015,0.03,0.06,0,0.01,0.1,81,65,1170,8.07,8.17,7.98
Watch Dogs,2014,0.775,1.08,0.055,0.335,2.25,78.5,49,3142,7.92,7.84,8.005
Watch Dogs 2,2016,0.37,0.58,0,0.18,1.13,83,88,621,8.53,8.82,8.23
Wet,2009,0.22,0.27,0.01,0.11,0.61,70,61,55,6.86,6.93,6.79
White Knight Chronicles: International Edition,2008,0.33,0.16,0.36,0.08,0.93,64,77,213,7.11,7.49,6.72
Wolfenstein,2009,0.13,0.15,0,0.06,0.34,72.5,49.5,169,7.395,7.75,7.045
Wolfenstein: The New Order,2014,0.3,0.545,0.015,0.135,1,80,48,1381.5,8.38,8.905,7.855
Wolfenstein: The Old Blood,2015,0,0.08,0,0,0.09,76,30,338,8.2,8.75,7.64
World of Final Fantasy,2016,0.08,0.14,0.08,0.04,0.33,77,74,222,8.28,8.76,7.79
World of Goo,2008,0,0.03,0,0.01,0.04,90,26,607,8.74,9.1,8.38
World of Tanks,2011,0,0.23,0,0.05,0.29,80,38,1466,7.7,7.58,7.82
World of Warcraft,2004,0.08,6.21,0,0,6.29,93,57,2182,8.22,8.04,8.4
Worms Reloaded,2010,0,0.04,0,0.01,0.05,79,28,185,8.13,8.31,7.94
Worms: Ultimate Mayhem,2011,0,0.03,0,0,0.04,66,4,48,7.68,8.73,6.63
X-Blades,2009,0.07,0.03,0.02,0.01,0.13,50,31,15,6.45,6.73,6.17
X-Men: Destiny,2011,0.14,0.07,0,0.03,0.24,50,33,37,6.4,7.06,5.74
X3: Terran Conflict,2008,0,0.02,0,0,0.03,73,16,222,7.9,8.45,7.34
XCOM 2,2016,0.065,0.1,0,0.02,0.185,88,66,668.5,8.415,8.265,8.57
XCOM: Enemy Unknown,2012,0.255,0.295,0,0.09,0.64,89,38.5,1265.5,8.76,8.815,8.71
Yakuza 3,2009,0.21,0.2,0.62,0.08,1.12,79,77,165,8.1,8.27,7.93
Yakuza 5,2012,0,0,0.59,0,0.59,83,34,180,8.79,9.32,8.25
Yakuza: Dead Souls,2011,0.09,0.06,0.42,0.03,0.6,64,55,69,7.38,8.16,6.59
Yoshi's New Island,2014,0.48,0.53,0.28,0.09,1.38,64,71,155,7.69,8.73,6.66
You Don't Know Jack,2011,0.16,0,0,0.01,0.18,82,11,18,8.1,8.32,7.88
Yumi's Odd Odyssey,2013,0,0,0.03,0,0.03,74,13,23,8.05,8.65,7.44
Zero Escape: Virtue's Last Reward,2012,0.03,0,0,0,0.03,88,15,188,8.97,9.5,8.43
Zero Escape: Zero Time Dilemma,2016,0.05,0,0.02,0.01,0.08,81,18,72,8.25,8.62,7.88
de Blob 2,2011,0.11,0.07,0,0.03,0.21,74,50,34,7.89,8.37,7.42
inFAMOUS 2,2011,1.05,0.47,0.08,0.22,1.82,83,90,932,8.79,9.3,8.29