Name,Year_of_Release,NA_Sales,EU_Sales,JP_Sales,Other_Sales,Global_Sales,Critic_Score,Critic_Count,User_Count,Play Score,Game Score,Critic Score
007: Quantum of Solace,2008.0,0.22,0.26,0.01,0.095,0.585,67.5,30.0,51.0,7.3100000000000005,7.6,7.025
2010 FIFA World Cup South Africa,2010.0,0.3,0.64,0.07,0.22,1.23,82.0,56.0,57.0,8.06,7.97,8.16
2014 FIFA World Cup Brazil,2014.0,0.15,0.36,0.01,0.09,0.61,73.0,33.0,87.0,7.82,8.44,7.21
50 Cent: Blood on the Sand,2009.0,0.1,0.06,0.01,0.03,0.19,72.0,37.0,57.0,7.05,6.94,7.15
7 Days to Die,2016.0,0.04,0.08,0.0,0.02,0.14,45.0,16.0,140.0,6.65,8.43,4.87
7th Dragon III Code: VFD,2015.0,0.04,0.0,0.12,0.0,0.17,77.0,26.0,38.0,8.37,9.24,7.5
A Vampyre Story,2008.0,0.0,0.01,0.0,0.0,0.02,75.0,33.0,25.0,7.03,6.77,7.3
Ace Combat: Assault Horizon,2011.0,0.3,0.15,0.22,0.07,0.74,77.0,28.0,82.0,7.67,8.04,7.3
Ace Combat: Assault Horizon Legacy,2011.0,0.1,0.06,0.08,0.01,0.24,71.0,37.0,26.0,7.87,8.72,7.03
Aegis of Earth: Protonovus Assault,2016.0,0.02,0.0,0.0,0.0,0.03,57.0,11.0,9.0,7.6,8.79,6.41
Afrika,2008.0,0.12,0.0,0.08,0.01,0.22,63.0,12.0,34.0,7.17,7.74,6.61
Afro Samurai,2009.0,0.12,0.05,0.0,0.03,0.2,65.0,52.0,27.0,6.99,7.34,6.65
Age of Empires III,2005.0,0.0,0.33,0.0,0.05,0.38,81.0,52.0,519.0,8.4,8.84,7.97
Age of Mythology,2002.0,0.02,0.06,0.0,0.01,0.09,89.0,31.0,484.0,7.93,7.82,8.04
Alan Wake,2012.0,0.0,0.06,0.0,0.01,0.06,83.0,30.0,1473.0,8.59,8.92,8.26
Alice: Madness Returns,2011.0,0.11,0.16999999999999998,0.02,0.05,0.35,72.5,40.0,370.0,7.984999999999999,8.75,7.225
Alien: Isolation,2014.0,0.17,0.355,0.02,0.09000000000000001,0.635,80.0,45.5,1191.5,8.51,9.094999999999999,7.92
Alone in the Dark,2008.0,0.0,0.01,0.0,0.0,0.01,55.0,19.0,148.0,6.02,5.66,6.38
Alone in the Dark: Inferno,2008.0,0.09,0.03,0.0,0.02,0.13,69.0,25.0,50.0,6.71,6.66,6.76
Alpha Protocol,2010.0,0.095,0.1,0.0,0.04,0.22999999999999998,68.0,37.0,314.0,7.220000000000001,7.535,6.9
Anarchy Reigns,2012.0,0.1,0.03,0.06,0.02,0.2,71.0,35.0,106.0,7.63,8.22,7.03
Angry Birds Star Wars,2013.0,0.1,0.11000000000000001,0.0,0.045,0.25,48.0,5.5,55.0,7.14,8.125,6.15
Animal Crossing: Happy Home Designer,2015.0,0.51,1.02,1.4,0.12,3.05,66.0,60.0,106.0,7.71,8.75,6.68
Animal Crossing: New Leaf,2012.0,2.03,2.36,4.39,0.39,9.16,88.0,70.0,626.0,9.12,9.68,8.57
Anno 2070,2011.0,0.0,1.13,0.0,0.29,1.43,83.0,33.0,493.0,7.04,5.99,8.09
Aquapazza: Aquaplus Dream Match,2012.0,0.05,0.0,0.05,0.01,0.11,75.0,13.0,20.0,8.07,8.52,7.61
Ar Nosurge: Ode to an Unborn Star,2014.0,0.05,0.03,0.06,0.02,0.16,67.0,23.0,49.0,7.58,8.37,6.78
Ar tonelico Qoga: Knell of Ar Ciel,2010.0,0.08,0.01,0.13,0.01,0.24,61.0,27.0,101.0,7.26,7.53,6.98
Arcana Heart 3,2011.0,0.04,0.04,0.1,0.02,0.2,73.0,10.0,27.0,8.28,9.3,7.25
Armored Core 4,2006.0,0.09,0.0,0.09,0.01,0.2,65.0,36.0,25.0,7.11,7.2,7.02
Armored Core V,2012.0,0.09,0.04,0.24,0.02,0.39,65.0,26.0,47.0,6.87,7.08,6.66
Armored Core: Verdict Day,2013.0,0.0,0.0,0.12,0.0,0.12,66.0,18.0,28.0,7.78,8.66,6.89
Army of Two,2008.0,0.74,0.26,0.02,0.15,1.17,74.0,43.0,118.0,7.16,7.36,6.95
Army of Two: The 40th Day,2010.0,0.44,0.27,0.01,0.12,0.85,74.0,56.0,88.0,7.52,7.81,7.24
Army of Two: The Devil's Cartel,2013.0,0.11,0.11,0.01,0.05,0.28,58.0,27.0,100.0,7.45,8.96,5.95
Arslan: The Warriors of Legend,2015.0,0.03,0.01,0.04,0.01,0.09,69.0,43.0,23.0,7.65,8.47,6.83
Asphalt 3D,2011.0,0.27,0.16,0.02,0.04,0.49,43.0,37.0,24.0,6.9,8.77,5.03
Assassin's Creed,2007.0,1.91,2.0,0.09,0.82,4.82,81.0,40.0,769.0,8.24,8.47,8.01
Assassin's Creed Chronicles: China,2015.0,0.0,0.03,0.0,0.01,0.04,69.0,44.0,83.0,7.62,8.59,6.66
Assassin's Creed II,2009.5,1.275,1.19,0.105,0.475,3.05,88.5,46.0,1406.5,8.635,8.8,8.46
Assassin's Creed III,2012.0,1.46,1.525,0.08,0.6200000000000001,3.69,82.5,31.0,1398.0,8.2,8.135,8.27
Assassin's Creed IV: Black Flag,2013.0,0.8733333333333335,1.1233333333333333,0.06333333333333334,0.3466666666666667,2.4,85.0,25.0,1280.0,8.64,8.879999999999999,8.399999999999999
Assassin's Creed Syndicate,2015.0,0.46,1.04,0.035,0.27,1.8,75.0,50.0,931.5,8.07,8.305,7.83
Assassin's Creed: Brotherhood,2010.5,1.01,0.44500000000000006,0.055,0.195,1.7049999999999998,89.0,41.5,946.5,8.735,8.84,8.625
Assassin's Creed: Revelations,2011.0,0.7749999999999999,1.2449999999999999,0.05,0.41,2.48,80.0,29.5,692.0,8.265,8.475000000000001,8.05
Assetto Corsa,2016.0,0.0,0.05,0.0,0.01,0.06,73.0,35.0,70.0,7.44,7.58,7.31
Asura's Wrath,2012.0,0.18,0.12,0.06,0.05,0.4,71.0,39.0,169.0,7.51,7.81,7.21
Atelier Ayesha: The Alchemist of Dusk,2012.0,0.06,0.04,0.14,0.02,0.26,70.0,17.0,120.0,7.63,8.36,6.89
Atelier Shallie: Alchemists of the Dusk Sea,2014.0,0.06,0.02,0.08,0.02,0.18,76.0,26.0,44.0,7.8,8.3,7.29
Attack on Titan: Humanity in Chains,2013.0,0.0,0.0,0.42,0.0,0.42,46.0,22.0,34.0,6.99,8.67,5.31
Band Hero,2009.0,0.41,0.23,0.0,0.11,0.74,76.0,45.0,9.0,7.23,7.15,7.32
Batman: Arkham Asylum,2009.0,1.12,0.795,0.035,0.33,2.2750000000000004,91.0,49.5,1429.0,8.940000000000001,9.27,8.61
Batman: Arkham City,2011.0,1.435,1.065,0.055,0.45,3.0050000000000003,93.5,34.5,2004.5,9.125,9.34,8.91
Batman: Arkham Knight,2015.0,0.81,0.86,0.05,0.325,2.04,78.5,51.5,2323.0,8.42,8.785,8.055
Batman: Arkham Origins,2013.0,0.6000000000000001,0.48000000000000004,0.02,0.2,1.3,75.0,31.5,919.0,8.0,8.649999999999999,7.355
Batman: Arkham Origins Blackgate,2013.0,0.16,0.09,0.0,0.02,0.27,68.0,7.0,38.0,7.82,8.75,6.9
Batman: Arkham VR,2016.0,0.25,0.0,0.0,0.06,0.3,75.0,59.0,89.0,7.82,8.39,7.24
Battle Princess of Arcadias,2013.0,0.0,0.0,0.02,0.0,0.02,69.0,22.0,25.0,8.18,8.97,7.38
BattleForge,2009.0,0.0,0.01,0.0,0.0,0.01,75.0,37.0,112.0,7.38,7.36,7.4
Battleborn,2016.0,0.08,0.06,0.01,0.025,0.17,68.5,44.5,401.0,7.305,7.435,7.175000000000001
Battlefield 1,2016.0,0.6050000000000001,1.1949999999999998,0.105,0.32,2.23,88.0,42.5,973.0,8.195,7.800000000000001,8.585
Battlefield 1942,2002.0,0.01,0.01,0.0,0.0,0.03,89.0,27.0,327.0,7.84,7.58,8.09
Battlefield 2,2005.0,0.0,0.07,0.0,0.01,0.08,91.0,55.0,837.0,8.23,8.02,8.44
Battlefield 2142,2006.0,0.0,0.02,0.0,0.0,0.03,80.0,48.0,326.0,7.76,7.8,7.72
Battlefield 3,2011.0,1.87,2.16,0.175,0.77,4.975,87.0,49.5,3343.5,8.504999999999999,8.629999999999999,8.375
Battlefield 4,2013.0,1.0133333333333334,1.28,0.1466666666666667,0.37000000000000005,2.81,82.0,28.0,1892.0,8.516666666666666,8.756666666666668,8.283333333333333
Battlefield Vietnam,2004.0,0.0,0.02,0.0,0.0,0.03,84.0,48.0,133.0,7.88,7.83,7.92
Battlefield: Bad Company,2008.0,0.76,0.35,0.05,0.18,1.34,84.0,50.0,203.0,8.19,8.1,8.29
Battlefield: Bad Company 2,2010.0,0.76,0.8150000000000001,0.04,0.22,1.835,87.5,52.5,1019.5,8.57,8.665,8.47
Battlestations: Midway,2007.0,0.0,0.01,0.0,0.0,0.01,76.0,20.0,46.0,7.41,7.43,7.38
Battlestations: Pacific,2009.0,0.0,0.02,0.0,0.0,0.03,74.0,31.0,46.0,7.08,6.78,7.37
Bayonetta,2009.0,0.44,0.39,0.21,0.16,1.21,87.0,54.0,355.0,8.41,8.53,8.29
Bejeweled 3,2010.0,0.02,0.05,0.0,0.01,0.08,82.0,27.0,86.0,8.67,9.29,8.05
Beyond: Two Souls,2013.0,0.52,0.8,0.06,0.26,1.63,70.0,98.0,2652.0,7.94,8.55,7.34
Binary Domain,2012.0,0.09,0.07,0.14,0.03,0.33,72.0,33.0,179.0,8.16,8.69,7.63
BioShock 2,2010.0,0.85,0.46,0.02,0.22,1.54,88.0,62.0,492.0,8.63,8.91,8.36
Bionic Commando,2009.0,0.12,0.17,0.01,0.06,0.36,71.0,48.0,62.0,7.42,7.55,7.29
Birds of Steel,2012.0,0.1,0.08,0.02,0.03,0.23,73.0,27.0,18.0,8.21,8.94,7.49
Blades of Time,2012.0,0.04,0.03,0.01,0.01,0.1,53.0,19.0,22.0,6.63,7.48,5.78
Bladestorm: Nightmare,2015.0,0.08,0.04,0.03,0.02,0.17,58.0,33.0,21.0,7.27,8.42,6.12
BlazBlue: Calamity Trigger,2009.0,0.36,0.1,0.06,0.06,0.57,87.0,50.0,112.0,8.26,8.21,8.3
BlazBlue: Chrono Phantasma,2013.0,0.14,0.0,0.14,0.03,0.3,83.0,16.0,64.0,8.6,9.19,8.01
BlazBlue: Continuum Shift,2010.0,0.21,0.07,0.09,0.04,0.41,87.0,29.0,65.0,8.33,8.32,8.34
Blazing Angels: Squadrons of WWII,2006.0,0.185,0.11,0.0,0.05,0.34,66.0,21.0,13.0,7.145,7.28,7.01
Blood Bowl,2009.0,0.02,0.02,0.0,0.0,0.04,72.0,34.0,57.0,7.53,7.83,7.22
Bloodborne,2015.0,1.03,0.81,0.26,0.38,2.48,92.0,100.0,6383.0,9.17,9.39,8.94
Blur,2010.0,0.115,0.19999999999999998,0.01,0.065,0.39,81.0,41.0,131.5,7.699999999999999,7.68,7.725
Bodycount,2011.0,0.05,0.05,0.0,0.02,0.11,50.0,40.0,28.0,6.2,7.0,5.39
Borderlands,2009.0,0.605,0.37,0.0,0.15999999999999998,1.135,82.0,47.5,895.0,8.57,9.11,8.04
Borderlands 2,2012.0,0.735,0.565,0.05,0.22499999999999998,1.58,90.0,31.5,1670.0,9.06,9.43,8.69
Borderlands: The Pre-Sequel,2014.0,0.185,0.18,0.025,0.060000000000000005,0.44999999999999996,76.0,39.5,416.5,8.09,8.66,7.52
Braid,2009.0,0.0,0.02,0.0,0.0,0.03,90.0,11.0,819.0,8.4,9.13,7.68
Brain Age: Concentration Training,2012.0,0.09,0.0,0.0,0.01,0.09,71.0,11.0,17.0,7.92,8.64,7.2
Bravely Second: End Layer,2015.0,0.17,0.1,0.18,0.03,0.49,81.0,70.0,103.0,8.75,9.42,8.08
Brink,2011.0,0.175,0.20500000000000002,0.005,0.075,0.45499999999999996,71.0,38.5,357.5,6.88,6.630000000000001,7.125
Brothers in Arms: Hell's Highway,2008.0,0.22,0.18000000000000002,0.0,0.075,0.47500000000000003,77.5,35.0,100.0,8.01,8.45,7.57
Brothers: A Tale of Two Sons,2015.0,0.03,0.08,0.0,0.02,0.14,81.0,10.0,73.0,8.44,8.98,7.91
Brutal Legend,2009.0,0.54,0.27,0.0,0.13,0.94,83.0,61.0,162.0,7.87,7.8,7.93
Bulletstorm,2011.0,0.15000000000000002,0.135,0.005,0.05,0.34500000000000003,82.5,45.5,528.0,8.04,8.02,8.06
Bully: Scholarship Edition,2008.0,0.0,0.02,0.0,0.0,0.03,72.0,11.0,257.0,7.84,8.27,7.42
Burnout Paradise,2008.0,1.01,0.62,0.02,0.29,1.94,87.0,55.0,455.0,8.36,8.31,8.41
Burnout Paradise: The Ultimate Box,2009.0,0.0,0.08,0.0,0.01,0.09,87.0,26.0,435.0,8.41,8.56,8.25
Bust-A-Move Universe,2011.0,0.08,0.15,0.06,0.03,0.31,49.0,30.0,13.0,6.47,7.78,5.15
Caesar IV,2006.0,0.0,0.03,0.0,0.01,0.04,74.0,32.0,43.0,6.99,6.71,7.27
Call of Duty 2,2005.0,0.0,0.05,0.0,0.01,0.06,86.0,64.0,626.0,8.46,8.86,8.06
Call of Duty 3,2006.0,0.6,0.62,0.03,0.26,1.5,80.0,43.0,92.0,7.46,7.33,7.6
Call of Duty 4: Modern Warfare,2007.0,1.555,1.69,0.14,0.53,3.915,93.0,42.0,1676.5,8.675,8.86,8.5
Call of Duty: Advanced Warfare,2014.0,1.48,1.855,0.07,0.63,4.035,80.5,28.5,1289.5,7.575,7.140000000000001,8.004999999999999
Call of Duty: Black Ops,2010.0,5.99,4.37,0.48,1.79,12.63,88.0,58.0,1094.0,8.16,7.91,8.41
Call of Duty: Black Ops II,2012.0,2.815,3.21,0.325,1.305,7.659999999999999,78.5,16.0,1278.5,7.815,7.695,7.9399999999999995
Call of Duty: Ghosts,2013.0,2.94,2.53,0.215,0.9099999999999999,6.595,74.5,29.5,1305.5,7.6850000000000005,7.92,7.46
Call of Duty: Infinite Warfare,2016.0,0.8250000000000001,1.04,0.075,0.36,2.3,75.0,49.0,784.5,7.465,7.3149999999999995,7.609999999999999
Call of Duty: Modern Warfare 2,2009.0,2.5,2.215,0.19,0.8450000000000001,5.74,90.0,53.5,4251.5,8.620000000000001,8.635,8.61
Call of Duty: Modern Warfare 3,2011.0,2.975,3.3550000000000004,0.245,0.9450000000000001,7.5200000000000005,83.0,32.5,5449.0,7.98,7.654999999999999,8.305
Call of Duty: World at War,2008.0,1.375,0.9850000000000001,0.0,0.43,2.7849999999999997,84.0,40.5,565.0,8.38,8.745,8.015
Call of Juarez: Bound in Blood,2009.0,0.175,0.2,0.005,0.075,0.455,78.0,43.0,186.5,7.885,8.225,7.535
Captain America: Super Soldier,2011.0,0.07500000000000001,0.04,0.0,0.02,0.135,56.0,21.5,23.0,7.035,8.305,5.765000000000001
Carmageddon: Max Damage,2016.0,0.01,0.0,0.0,0.0,0.01,51.0,28.0,39.0,6.96,8.19,5.73
Cartoon Network: Punch Time Explosion,2011.0,0.07,0.02,0.0,0.01,0.1,58.0,16.0,28.0,6.82,7.77,5.86
Castlevania: Lords of Shadow,2010.0,0.5,0.35,0.1,0.15,1.1,85.0,62.0,468.0,8.13,8.03,8.23
Castlevania: Lords of Shadow 2,2014.0,0.02,0.075,0.01,0.015,0.12000000000000001,60.5,35.5,513.0,7.609999999999999,8.465,6.744999999999999
Catherine,2011.0,0.3,0.14,0.2,0.06,0.7,79.0,61.0,372.0,8.41,8.93,7.89
Cave Story 3D,2011.0,0.09,0.03,0.01,0.01,0.14,82.0,29.0,72.0,8.3,8.73,7.87
Ceville,2009.0,0.0,0.02,0.0,0.0,0.02,73.0,17.0,21.0,7.72,7.97,7.48
Child of Light,2014.0,0.0,0.01,0.04,0.0,0.05,82.0,46.0,451.0,8.73,9.43,8.03
Cities in Motion,2011.0,0.0,0.04,0.0,0.01,0.05,70.0,20.0,105.0,7.37,7.47,7.27
Cities: Skylines,2015.0,0.0,0.13,0.0,0.01,0.14,85.0,60.0,1404.0,8.83,9.19,8.46
Clive Barker's Jericho,2007.0,0.085,0.01,0.0,0.01,0.10500000000000001,61.5,29.5,135.0,7.0649999999999995,7.365,6.77
Code of Princess,2012.0,0.16,0.0,0.03,0.01,0.2,67.0,38.0,73.0,7.42,7.77,7.06
Combat of Giants: Dinosaurs 3D,2011.0,0.25,0.06,0.05,0.03,0.39,44.0,18.0,9.0,6.16,7.79,4.53
Commander: Conquest of the Americas,2010.0,0.0,0.02,0.0,0.0,0.03,68.0,16.0,19.0,6.47,5.72,7.22
Company of Heroes,2006.0,0.0,0.04,0.0,0.01,0.05,93.0,55.0,1128.0,8.91,9.05,8.76
Company of Heroes 2,2013.0,0.06,0.25,0.0,0.04,0.34,80.0,82.0,6157.0,7.91,7.81,8.02
Company of Heroes: Opposing Fronts,2007.0,0.01,0.03,0.0,0.01,0.04,87.0,36.0,235.0,8.28,8.5,8.06
Company of Heroes: Tales of Valor,2009.0,0.0,0.03,0.0,0.01,0.04,70.0,42.0,204.0,7.92,8.9,6.94
Conception II: Children of the Seven Stars,2013.0,0.09,0.0,0.03,0.01,0.12,62.0,11.0,44.0,7.47,8.56,6.39
Condemned 2: Bloodshot,2008.0,0.17,0.16,0.0,0.06,0.39,82.0,37.0,89.0,7.83,7.62,8.03
Conflict: Denied Ops,2008.0,0.05,0.1,0.0,0.03,0.19,51.0,28.0,25.0,6.12,6.3,5.94
Contrast,2013.0,0.0,0.01,0.0,0.0,0.01,62.0,24.0,169.0,7.89,8.92,6.85
Cross Edge,2008.0,0.14,0.02,0.05,0.02,0.23,52.0,32.0,82.0,6.45,7.22,5.67
Crysis,2007.0,0.0,0.69,0.0,0.02,0.71,91.0,56.0,1970.0,8.34,8.18,8.51
Crysis 2,2011.0,0.31,0.505,0.03,0.16999999999999998,1.0150000000000001,85.5,48.0,1000.0,8.28,8.375,8.185
Crysis 3,2013.0,0.21500000000000002,0.405,0.015,0.115,0.75,76.5,35.0,755.5,8.165,8.715,7.615
DC Universe Online,2011.0,0.16,0.06,0.0,0.02,0.23,72.0,27.0,243.0,7.51,7.87,7.16
DJ Hero,2009.0,0.42,0.34,0.0,0.14,0.9,86.0,53.0,49.0,8.05,7.76,8.34
DJ Hero 2,2010.0,0.47,0.19,0.0,0.1,0.75,86.0,46.0,22.0,8.12,8.0,8.25
Dante's Inferno,2010.0,0.64,0.28,0.04,0.13,1.08,75.0,69.0,265.0,8.03,8.63,7.42
Dark Sector,2008.0,0.23,0.16,0.01,0.07,0.47,72.0,47.0,70.0,7.26,7.4,7.12
Dark Souls,2011.0,0.75,0.51,0.54,0.22,2.02,89.0,54.0,1397.0,8.74,8.96,8.52
Dark Souls II,2014.0,0.24000000000000002,0.20500000000000002,0.2,0.08,0.72,91.0,52.5,1712.5,8.855,8.985,8.725
Dark Souls III,2016.0,0.325,0.26,0.17,0.11,0.86,89.0,62.5,1894.0,9.055,9.36,8.75
Dark Void,2010.0,0.18,0.12,0.0,0.05,0.35,59.0,50.0,36.0,6.33,6.59,6.08
Darksiders,2010.0,0.04,0.03,0.0,0.01,0.08499999999999999,82.5,45.5,461.0,8.475000000000001,8.785,8.16
Darksiders II,2012.0,0.19,0.22499999999999998,0.005,0.08,0.495,82.5,31.0,537.5,8.440000000000001,8.68,8.2
Darksiders: Warmastered Edition,2016.0,0.02,0.0,0.0,0.0,0.02,79.0,9.0,15.0,8.47,9.23,7.7
Darkspore,2011.0,0.07,0.03,0.0,0.01,0.12,65.0,52.0,133.0,6.98,7.2,6.77
Dead Island,2011.0,0.6000000000000001,0.4,0.075,0.16999999999999998,1.245,75.5,32.5,916.5,7.955,8.415,7.495
Dead Island: Riptide,2013.0,0.26,0.19,0.07,0.09,0.6,62.0,25.0,140.0,7.47,8.57,6.37
Dead Rising,2016.0,0.02,0.0,0.01,0.01,0.04,78.0,6.0,30.0,8.01,8.63,7.39
Dead Rising 2,2010.0,0.265,0.29000000000000004,0.075,0.11,0.75,79.0,35.5,194.5,7.53,7.585,7.484999999999999
Dead Rising 2: Off the Record,2011.0,0.075,0.05,0.05,0.02,0.19,69.0,20.5,44.5,7.664999999999999,8.440000000000001,6.890000000000001
Dead Space,2008.0,0.525,0.595,0.0,0.175,1.295,87.0,47.5,819.0,8.655000000000001,8.965,8.34
Dead Space 2,2011.0,0.43,0.315,0.0,0.125,0.87,88.0,53.0,754.5,8.875,9.205,8.54
Dead Space 3,2013.0,0.44,0.36,0.0,0.16,0.96,76.0,37.0,522.0,8.47,9.14,7.8
Dead or Alive 5,2012.0,0.23,0.14,0.2,0.07,0.64,74.0,34.0,109.0,7.92,8.45,7.39
Dead to Rights: Retribution,2010.0,0.1,0.12,0.02,0.05,0.28,60.0,44.0,27.0,7.12,7.69,6.55
Deadpool,2014.0,0.185,0.125,0.0,0.065,0.37,60.5,19.0,144.5,7.615,8.86,6.359999999999999
Deception IV: Blood Ties,2014.0,0.03,0.02,0.06,0.01,0.11,70.0,19.0,27.0,7.53,8.37,6.69
Defiance,2013.0,0.165,0.07,0.0,0.04,0.27999999999999997,61.5,30.5,403.0,7.27,8.11,6.43
Demigod,2009.0,0.0,0.02,0.0,0.0,0.02,76.0,50.0,183.0,7.37,7.26,7.47
Demon's Souls,2009.0,0.97,0.33,0.35,0.17,1.82,89.0,81.0,1441.0,8.83,9.11,8.56
Destiny,2014.0,2.49,2.07,0.16,0.92,5.64,76.0,95.0,5380.0,7.44,7.35,7.53
Deus Ex: Human Revolution,2011.0,0.25,0.25,0.0,0.08,0.58,90.0,52.0,3069.0,8.44,8.36,8.51
Deus Ex: Mankind Divided,2016.0,0.055,0.12,0.0,0.03,0.20500000000000002,83.5,57.0,597.5,8.015,7.8149999999999995,8.215
Devil May Cry 4,2008.0,0.295,0.23500000000000001,0.17,0.10500000000000001,0.805,81.0,42.0,332.0,8.21,8.48,7.945
DiRT 3,2011.0,0.135,0.35,0.005,0.115,0.605,86.5,37.5,277.5,8.365,8.35,8.385
DiRT Rally,2016.0,0.02,0.15000000000000002,0.0,0.025,0.2,85.5,39.5,242.0,8.555,8.58,8.535
Diablo II,2000.0,0.01,0.1,0.0,0.02,0.13,88.0,34.0,1056.0,8.3,8.52,8.08
Diablo III,2012.5,1.58,1.455,0.075,0.41500000000000004,3.525,87.0,64.5,5093.0,8.515,8.425,8.605
Digimon All-Star Rumble,2014.0,0.06,0.02,0.0,0.02,0.09,49.0,12.0,32.0,6.67,7.63,5.7
Digimon Story: Cyber Sleuth,2016.0,0.0,0.1,0.0,0.02,0.11,75.0,45.0,289.0,8.3,9.15,7.45
Disciples III: Renaissance,2010.0,0.0,0.01,0.0,0.0,0.02,56.0,36.0,105.0,6.32,6.37,6.26
Disgaea 3: Absence of Justice,2008.0,0.33,0.03,0.11,0.04,0.52,78.0,51.0,150.0,7.91,8.41,7.41
Disgaea 4: A Promise Unforgotten,2011.0,0.27,0.11,0.14,0.05,0.57,80.0,39.0,126.0,8.3,8.75,7.85
Disgaea 5: Alliance of Vengeance,2015.0,0.11,0.08,0.06,0.04,0.29,80.0,43.0,173.0,8.64,9.36,7.93
Disgaea D2: A Brighter Darkness,2013.0,0.09,0.0,0.1,0.02,0.21,74.0,37.0,61.0,8.32,9.02,7.63
Dishonored,2012.0,0.72,0.52,0.04,0.25,1.53,89.0,35.0,781.0,8.9,8.95,8.84
Dishonored 2,2016.0,0.13,0.195,0.0,0.055,0.38,87.0,46.5,476.0,8.684999999999999,8.754999999999999,8.615
Disney Art Academy,2016.0,0.02,0.01,0.08,0.0,0.11,72.0,16.0,5.0,7.93,8.74,7.12
Disney Infinity,2013.0,0.49,0.32,0.0,0.16,0.97,75.0,21.0,47.0,7.98,8.57,7.39
Disney Magical World,2013.0,0.17,0.2,0.53,0.03,0.92,71.0,27.0,21.0,7.84,8.77,6.91
Disney Universe,2011.0,0.3,0.22,0.0,0.09,0.61,70.0,29.0,13.0,7.65,8.66,6.63
Divinity II: Ego Draconis,2009.0,0.01,0.05,0.0,0.01,0.07,72.0,43.0,125.0,7.42,7.83,7.0
Divinity: Original Sin,2014.0,0.0,0.02,0.0,0.0,0.02,87.0,59.0,2089.0,8.72,8.95,8.49
DmC: Devil May Cry,2013.0,0.24,0.26,0.19,0.1,0.79,85.0,40.0,1471.0,8.45,8.81,8.1
Doom,1992.0,0.02,0.0,0.0,0.0,0.03,85.0,44.0,1796.0,8.84,9.38,8.3
Doom 3,2004.0,0.05,0.04,0.0,0.01,0.1,87.0,83.0,896.0,8.25,8.48,8.02
Dragon Age II,2011.0,0.315,0.29500000000000004,0.025,0.095,0.73,82.0,48.5,2865.0,7.625,7.54,7.71
Dragon Age: Inquisition,2014.0,0.53,0.61,0.04,0.19,1.3699999999999999,87.0,44.0,2955.0,8.434999999999999,8.3,8.565000000000001
Dragon Age: Origins,2009.0,0.0,0.46,0.0,0.05,0.51,91.0,67.0,3542.0,8.83,8.93,8.72
Dragon Ball Z: Battle of Z,2014.0,0.1,0.1,0.06,0.04,0.31,54.0,32.0,103.0,6.86,8.18,5.55
Dragon Ball Z: Burst Limit,2008.0,0.22,0.33,0.18,0.12,0.85,71.0,32.0,51.0,6.91,6.77,7.05
Dragon Ball Z: Extreme Butoden,2015.0,0.12,0.03,0.16,0.02,0.33,61.0,32.0,32.0,7.39,8.68,6.1
Dragon Ball Z: Ultimate Tenkaichi,2011.0,0.27,0.18,0.09,0.07,0.61,58.0,26.0,77.0,6.96,7.03,6.89
Dragon Ball: Raging Blast,2009.0,0.37,0.19,0.11,0.1,0.77,57.0,26.0,58.0,7.08,7.69,6.46
Dragon's Crown,2013.0,0.25,0.07,0.17,0.05,0.53,82.0,62.0,288.0,8.6,9.22,7.98
Dragon's Dogma,2012.0,0.41,0.44,0.72,0.17,1.74,78.0,38.0,444.0,8.06,8.51,7.61
Drakengard 3,2013.0,0.1,0.0,0.19,0.02,0.31,61.0,33.0,237.0,7.27,8.43,6.12
DriveClub,2014.0,0.36,1.38,0.02,0.31,2.07,71.0,85.0,1571.0,7.84,8.55,7.13
DriveClub VR,2016.0,0.03,0.05,0.0,0.01,0.09,67.0,34.0,110.0,7.69,8.46,6.92
Driver: Renegade,2011.0,0.05,0.04,0.0,0.01,0.09,48.0,13.0,20.0,7.1,8.72,5.48
Driver: San Francisco,2011.0,0.145,0.31,0.005,0.105,0.565,79.5,32.0,223.0,7.775,7.81,7.74
Duke Nukem 3D: 20th Anniversary World Tour,2016.0,0.03,0.0,0.0,0.01,0.03,77.0,15.0,15.0,8.23,9.13,7.32
Duke Nukem Forever,2011.0,0.255,0.24,0.0,0.09,0.585,52.5,48.0,730.5,6.244999999999999,6.91,5.585000000000001
Dungeon Defenders,2011.0,0.02,0.0,0.0,0.0,0.02,81.0,26.0,399.0,8.45,9.1,7.81
Dungeon Siege II,2005.0,0.0,0.02,0.0,0.0,0.03,80.0,51.0,159.0,7.42,7.19,7.66
Dungeon Siege III,2011.0,0.125,0.10500000000000001,0.015,0.035,0.28,71.5,44.5,242.5,6.845,6.615,7.08
Dungeons 2,2016.0,0.01,0.0,0.0,0.0,0.01,61.0,9.0,14.0,7.3,8.0,6.6
Dying Light,2015.0,0.54,0.365,0.06,0.18000000000000002,1.145,74.5,49.0,1291.0,8.415,9.32,7.51
Dynasty Warriors 6,2007.0,0.18,0.07,0.41,0.04,0.71,59.0,31.0,49.0,6.99,7.46,6.53
Dynasty Warriors 7,2011.0,0.25,0.13,0.46,0.06,0.91,57.0,25.0,57.0,7.29,8.16,6.42
Dynasty Warriors 8,2013.0,0.12,0.1,0.34,0.05,0.6,68.0,26.0,75.0,7.98,8.81,7.14
Dynasty Warriors 8: Empires,2014.0,0.06,0.07,0.03,0.03,0.19,63.0,30.0,42.0,7.49,8.55,6.42
Dynasty Warriors: Gundam 2,2008.0,0.09,0.06,0.32,0.03,0.49,54.0,22.0,28.0,7.16,8.12,6.21
Dynasty Warriors: Gundam 3,2010.0,0.11,0.04,0.36,0.02,0.54,58.0,18.0,20.0,7.28,8.2,6.36
Dynasty Warriors: Gundam Reborn,2013.0,0.0,0.0,0.23,0.0,0.23,64.0,35.0,25.0,7.91,9.48,6.35
EA Sports MMA,2010.0,0.16,0.14,0.01,0.06,0.37,77.0,47.0,38.0,8.01,8.47,7.55
EA Sports UFC,2014.0,0.46,0.41,0.01,0.17,1.05,70.0,57.0,279.0,7.79,8.72,6.86
EA Sports UFC 2,2016.0,0.29,0.49,0.0,0.15,0.93,79.0,38.0,157.0,7.99,8.15,7.82
EVE: Valkyrie,2016.0,0.03,0.05,0.0,0.02,0.1,73.0,26.0,37.0,7.48,7.88,7.07
Eagle Flight,2016.0,0.01,0.05,0.0,0.01,0.07,72.0,31.0,22.0,7.78,8.23,7.34
Earth Defense Force 2025,2013.0,0.04,0.02,0.27,0.01,0.35,69.0,28.0,52.0,7.94,8.96,6.93
Earth Defense Force 4.1: The Shadow of New Despair,2015.0,0.03,0.02,0.0,0.01,0.06,64.0,40.0,51.0,7.98,9.23,6.72
Earth Defense Force: Insect Armageddon,2011.0,0.06,0.04,0.08,0.02,0.2,63.0,28.0,24.0,7.25,8.18,6.31
East India Company,2009.0,0.01,0.0,0.0,0.0,0.02,67.0,28.0,49.0,6.86,6.43,7.29
Eat Lead: The Return of Matt Hazard,2009.0,0.09,0.02,0.0,0.01,0.13,51.0,38.0,21.0,6.23,6.85,5.6
El Shaddai: Ascension of the Metatron,2011.0,0.11,0.06,0.08,0.03,0.28,78.0,46.0,40.0,7.5,7.35,7.65
Elven Legacy,2009.0,0.02,0.0,0.0,0.0,0.02,71.0,27.0,38.0,7.48,7.54,7.41
Empire Earth II,2005.0,0.0,0.03,0.0,0.0,0.03,79.0,39.0,89.0,7.49,7.33,7.64
Empire: Total War,2009.0,0.01,0.97,0.0,0.1,1.08,90.0,62.0,2981.0,8.67,8.7,8.64
Enchanted Arms,2007.0,0.17,0.01,0.0,0.02,0.2,64.0,23.0,40.0,6.81,6.92,6.7
Enemy Front,2014.0,0.01,0.04,0.0,0.01,0.05,43.0,12.0,75.0,6.13,7.4,4.86
Enemy Territory: Quake Wars,2007.5,0.12000000000000001,0.035,0.0,0.02,0.185,72.0,42.5,122.5,7.395,7.305,7.475
Enslaved: Odyssey to the West,2010.0,0.24,0.22,0.01,0.09,0.55,80.0,53.0,312.0,7.87,7.98,7.76
Escape Dead Island,2014.0,0.04,0.03,0.0,0.01,0.07,40.0,25.0,51.0,6.44,7.84,5.03
Eternal Sonata,2008.0,0.19,0.12,0.07,0.05,0.44,80.0,34.0,117.0,8.11,8.07,8.14
Etrian Mystery Dungeon,2015.0,0.09,0.01,0.13,0.01,0.24,77.0,44.0,49.0,8.09,8.4,7.77
Etrian Odyssey Untold: The Millennium Girl,2013.0,0.1,0.01,0.14,0.01,0.26,80.0,41.0,89.0,8.33,8.69,7.96
Evolve,2015.0,0.22,0.255,0.025,0.08499999999999999,0.575,76.5,42.5,931.5,7.48,7.365,7.59
Exist Archive: The Other Side of the Sky,2015.0,0.01,0.0,0.03,0.0,0.04,69.0,13.0,16.0,7.76,8.38,7.15
EyePet,2009.0,0.35,0.52,0.04,0.08,0.99,70.0,35.0,20.0,7.25,7.67,6.83
F.E.A.R.,2007.0,0.18,0.26,0.0,0.1,0.54,72.0,31.0,64.0,7.55,7.51,7.59
F.E.A.R. 2: Project Origin,2009.0,0.105,0.125,0.005,0.045,0.27,79.0,48.5,309.0,7.87,7.904999999999999,7.845
F.E.A.R. 3,2011.0,0.125,0.12,0.005,0.05,0.3,74.0,41.0,261.5,7.41,7.4,7.42
F1 2010,2010.0,0.125,0.4,0.04,0.135,0.6950000000000001,84.0,30.5,91.0,8.19,8.23,8.145
F1 2011,2011.0,0.06333333333333334,0.3233333333333333,0.03666666666666667,0.09999999999999999,0.5166666666666666,74.66666666666667,20.333333333333332,50.333333333333336,7.676666666666667,7.900000000000001,7.453333333333333
F1 2012,2012.0,0.065,0.37,0.025,0.125,0.59,80.5,19.0,84.5,8.32,8.665,7.970000000000001
F1 2013,2013.0,0.01,0.42,0.03,0.09,0.54,77.0,22.0,40.0,8.09,8.55,7.64
F1 2014,2014.0,0.035,0.175,0.01,0.034999999999999996,0.255,61.5,19.5,46.5,7.54,8.315,6.76
F1 2015,2015.0,0.09,0.45,0.03,0.1,0.66,65.0,46.0,43.0,7.41,8.32,6.49
F1 Race Stars,2012.0,0.03,0.105,0.0,0.03,0.17,61.5,17.5,40.0,7.38,8.105,6.654999999999999
FIFA 14,2013.0,0.46666666666666673,2.15,0.06,0.6133333333333334,3.2933333333333334,86.66666666666667,23.0,544.3333333333334,8.116666666666667,7.913333333333334,8.313333333333334
FIFA 15,2014.0,0.4,2.3,0.025,0.46,3.18,82.0,28.0,685.5,7.959999999999999,8.02,7.905
FIFA 16,2015.0,0.5900000000000001,3.125,0.03,0.645,4.385,81.5,26.0,596.0,7.86,7.550000000000001,8.170000000000002
FIFA 17,2016.0,0.66,5.75,0.08,1.11,7.59,85.0,41.0,398.0,8.62,8.81,8.43
FIFA Soccer 08,2007.0,0.35,1.06,0.02,0.31,1.75,81.0,28.0,47.0,7.81,7.7,7.91
FIFA Soccer 09,2008.0,0.24,0.825,0.02,0.215,1.3,82.0,28.5,72.0,7.625,7.32,7.9350000000000005
FIFA Soccer 10,2009.0,0.3,1.245,0.025,0.265,1.835,81.5,35.0,131.0,7.285,6.574999999999999,7.99
FIFA Soccer 11,2010.0,0.305,1.71,0.03,0.5800000000000001,2.625,86.0,33.5,167.5,7.984999999999999,7.9,8.075
FIFA Soccer 13,2012.0,0.38000000000000006,1.8399999999999999,0.043333333333333335,0.69,2.9499999999999997,80.66666666666667,16.0,216.66666666666666,7.713333333333334,7.59,7.836666666666667
FIFA Street,2012.0,0.12,0.89,0.0,0.23,1.23,76.0,36.0,66.0,8.35,8.83,7.86
Fable III,2011.0,0.1,0.17,0.0,0.05,0.32,75.0,39.0,555.0,7.13,6.7,7.56
Fable: The Lost Chapters,2005.0,0.01,0.05,0.0,0.01,0.07,83.0,54.0,489.0,8.36,8.92,7.79
FaceBreaker,2008.0,0.13,0.02,0.0,0.02,0.17,53.0,37.0,20.0,6.14,6.85,5.43
Fairy Fencer F,2013.0,0.05,0.03,0.09,0.02,0.19,65.0,31.0,50.0,7.48,8.43,6.53
Fairy Fencer F: Advent Dark Force,2015.0,0.02,0.0,0.05,0.0,0.07,71.0,21.0,34.0,7.98,8.98,6.98
Fairytale Fights,2009.0,0.11,0.03,0.0,0.02,0.17,53.0,34.0,22.0,6.37,7.0,5.74
Fallout 3,2008.0,1.085,1.005,0.035,0.33499999999999996,2.46,90.5,52.5,2180.0,8.25,8.195,8.309999999999999
Fallout 4,2015.0,1.52,1.97,0.12,0.615,4.225,85.5,48.0,5870.0,8.6,8.495,8.7
Fallout: New Vegas,2010.0,1.055,0.74,0.05,0.30000000000000004,2.1399999999999997,83.0,48.0,1623.0,8.41,8.835,7.98
Family Guy: Back to the Multiverse,2012.0,0.12,0.1,0.0,0.04,0.26,40.0,9.0,31.0,6.61,7.87,5.35
Fantastic Four: Rise of the Silver Surfer,2007.0,0.12,0.02,0.0,0.02,0.15,47.0,26.0,10.0,6.17,6.84,5.51
Fantasy Life,2012.0,0.33,0.37,0.37,0.06,1.13,73.0,51.0,209.0,8.63,9.54,7.71
Far Cry,2004.0,0.0,0.04,0.0,0.01,0.05,89.0,72.0,724.0,8.02,8.02,8.03
Far Cry 2,2008.0,0.22,0.57,0.005,0.14500000000000002,0.9299999999999999,85.0,41.5,793.0,7.96,7.805,8.114999999999998
Far Cry 3,2012.0,0.55,1.16,0.05,0.395,2.1550000000000002,89.0,37.5,2112.0,8.835,9.059999999999999,8.615
Far Cry 4,2014.0,0.6399999999999999,1.31,0.05,0.335,2.335,82.5,50.0,1358.5,8.36,8.495000000000001,8.23
Farming Simulator 17,2016.0,0.04,0.44499999999999995,0.0,0.05,0.53,66.5,11.0,16.0,7.975,9.07,6.87
Farming Simulator 2013,2012.5,0.0,0.45,0.01,0.08499999999999999,0.55,52.5,14.5,60.0,7.65,8.925,6.37
Fight Night Champion,2011.0,0.45,0.49,0.0,0.18,1.11,84.0,52.0,95.0,8.58,8.92,8.24
Fight Night Round 3,2006.0,0.81,0.58,0.01,0.26,1.67,83.0,37.0,24.0,8.01,8.11,7.91
Fight Night Round 4,2009.0,0.92,0.4,0.0,0.2,1.52,88.0,46.0,95.0,8.09,7.98,8.2
Final Fantasy Explorers,2014.0,0.16,0.07,0.28,0.02,0.54,69.0,57.0,87.0,7.24,7.78,6.71
Final Fantasy XIII,2009.0,1.74,1.21,1.87,0.51,5.33,83.0,83.0,2483.0,7.7,7.54,7.87
Final Fantasy XIII-2,2011.0,0.78,0.73,0.89,0.23,2.63,79.0,53.0,707.0,7.93,8.06,7.8
Fist of the North Star: Ken's Rage,2010.0,0.06,0.03,0.55,0.01,0.66,60.0,30.0,29.0,6.57,7.61,5.52
Fist of the North Star: Ken's Rage 2,2012.0,0.0,0.0,0.3,0.0,0.3,49.0,19.0,19.0,7.24,8.66,5.82
FlatOut: Ultimate Carnage,2008.0,0.0,0.01,0.0,0.0,0.01,79.0,16.0,127.0,8.01,8.32,7.71
Folklore,2007.0,0.2,0.04,0.05,0.03,0.32,75.0,55.0,145.0,7.57,7.65,7.49
Football Manager 2010,2009.0,0.0,0.06,0.0,0.01,0.07,87.0,33.0,262.0,8.43,8.42,8.43
Football Manager 2011,2010.0,0.0,1.01,0.0,0.25,1.26,85.0,23.0,77.0,8.26,8.3,8.23
Football Manager 2014,2013.0,0.0,0.6,0.0,0.03,0.64,85.0,41.0,275.0,7.69,7.03,8.35
Football Manager 2016,2015.0,0.0,0.33,0.0,0.02,0.35,81.0,34.0,97.0,6.96,5.64,8.28
Football Manager 2017,2016.0,0.0,0.09,0.0,0.01,0.09,81.0,41.0,57.0,6.74,5.33,8.15
Fracture,2008.0,0.11,0.04,0.0,0.02,0.16,62.0,40.0,18.0,6.43,6.61,6.25
Front Mission Evolved,2010.0,0.07,0.03,0.055,0.015,0.16999999999999998,60.5,27.5,39.0,6.265000000000001,6.45,6.075
Frontlines: Fuel of War,2008.0,0.0,0.02,0.0,0.0,0.02,73.0,19.0,171.0,7.01,6.54,7.47
Fuel,2009.0,0.04,0.065,0.0,0.02,0.13,67.0,30.0,61.0,7.005,7.4,6.605
GTR Evolution,2008.0,0.0,0.02,0.0,0.0,0.03,83.0,19.0,63.0,7.82,7.97,7.67
Game of Thrones,2012.0,0.05,0.085,0.0,0.02,0.16,55.5,18.5,213.0,6.73,7.25,6.215
Gears of War,2007.0,0.0,0.01,0.0,0.0,0.02,87.0,36.0,567.0,8.2,7.77,8.64
Genji: Days of the Blade,2006.0,0.18,0.37,0.06,0.14,0.75,55.0,46.0,30.0,6.28,6.45,6.11
Ghostbusters: The Video Game,2009.0,0.34,0.36,0.0,0.14,0.84,78.0,74.0,96.0,7.87,8.16,7.57
God Eater Resurrection,2015.0,0.0,0.0,0.08,0.0,0.08,70.0,18.0,44.0,8.29,9.25,7.33
God of War III,2010.0,2.74,1.33,0.12,0.61,4.8,92.0,101.0,2633.0,9.09,9.02,9.16
God of War: Ascension,2013.0,1.23,0.63,0.04,0.35,2.25,80.0,89.0,914.0,8.36,8.76,7.96
Gothic 3,2006.0,0.0,0.05,0.0,0.01,0.06,63.0,39.0,519.0,7.48,7.91,7.05
Gran Turismo 5,2010.0,2.96,4.82,0.81,2.11,10.7,84.0,82.0,1112.0,8.22,8.11,8.32
Gran Turismo 6,2013.0,0.72,1.67,0.4,0.44,3.23,81.0,81.0,758.0,8.27,8.41,8.14
Grand Ages: Medieval,2015.0,0.0,0.05,0.02,0.01,0.07,64.0,10.0,12.0,7.17,7.3,7.03
Grand Kingdom,2015.0,0.03,0.0,0.03,0.01,0.07,78.0,33.0,63.0,7.93,8.26,7.59
Grand Slam Tennis 2,2012.0,0.09,0.1,0.0,0.04,0.23,73.0,36.0,17.0,7.2,7.39,7.0
Grand Theft Auto IV,2008.0,2.385,2.24,0.22,0.8400000000000001,5.69,94.0,52.0,2566.0,8.43,7.870000000000001,8.985
Grand Theft Auto V,2014.0,3.7900000000000005,5.363333333333333,0.4533333333333333,2.0066666666666664,11.606666666666667,96.66666666666667,57.666666666666664,3549.6666666666665,9.093333333333334,8.876666666666667,9.313333333333333
Grand Theft Auto: San Andreas,2005.0,0.0,0.93,0.0,0.04,0.97,93.0,47.0,1841.0,8.7,8.97,8.44
Grand Theft Auto: Vice City,2003.0,0.0,0.03,0.0,0.01,0.04,94.0,30.0,1520.0,8.64,9.05,8.23
Gravity Falls: Legend of the Gnome Gemulets,2015.0,0.03,0.0,0.0,0.0,0.04,46.0,4.0,10.0,7.21,8.86,5.57
Gravity Rush Remastered,2015.0,0.02,0.05,0.04,0.01,0.13,80.0,62.0,153.0,8.66,9.4,7.92
Gray Matter,2011.0,0.02,0.05,0.0,0.01,0.08,72.0,27.0,80.0,8.04,8.36,7.72
Green Day: Rock Band,2010.0,0.19,0.15,0.0,0.06,0.41,76.0,41.0,24.0,7.84,8.16,7.52
Green Lantern: Rise of the Manhunters,2011.0,0.09,0.04,0.0,0.015,0.15000000000000002,51.5,9.0,12.0,6.984999999999999,7.7,6.27
Guild Wars,2005.0,0.03,0.0,0.0,0.0,0.03,89.0,53.0,455.0,8.43,8.44,8.42
Guild Wars 2,2012.0,0.96,1.07,0.0,0.27,2.31,90.0,69.0,2954.0,8.54,8.24,8.85
Guitar Hero 5,2009.0,0.53,0.39,0.0,0.17,1.09,86.0,54.0,87.0,7.99,7.65,8.33
Guitar Hero III: Legends of Rock,2007.0,0.71,0.265,0.01,0.15,1.1300000000000001,81.0,30.0,57.5,7.875,7.91,7.84
Guitar Hero Live,2015.0,0.34,0.38,0.0,0.14,0.86,80.0,69.0,160.0,7.83,7.7,7.96
Guitar Hero: Aerosmith,2008.0,0.73,0.15,0.0,0.11,0.99,70.0,39.0,26.0,7.11,7.56,6.66
Guitar Hero: Metallica,2009.0,0.28,0.24,0.0,0.1,0.62,86.0,44.0,48.0,8.21,8.27,8.14
Guitar Hero: Smash Hits,2009.0,0.2,0.11,0.0,0.05,0.35,73.0,34.0,9.0,7.4,7.59,7.21
Guitar Hero: Van Halen,2009.0,0.14,0.09,0.0,0.04,0.27,59.0,33.0,9.0,7.2,7.92,6.47
Guitar Hero: Warriors of Rock,2010.0,0.33,0.34,0.0,0.13,0.81,74.0,46.0,30.0,7.78,8.21,7.35
Half-Life 2,2004.0,2.28,0.02,0.08,0.0,2.37,96.0,81.0,8665.0,9.08,9.64,8.52
Halo 2,2007.0,0.01,0.06,0.0,0.02,0.09,72.0,32.0,216.0,7.38,7.93,6.83
Halo: Combat Evolved,2003.0,0.02,0.02,0.0,0.0,0.04,83.0,40.0,396.0,8.1,8.38,7.83
Harry Potter and the Order of the Phoenix,2007.0,0.09,0.03,0.0,0.015,0.13999999999999999,65.0,23.0,29.5,6.965,7.305,6.615
Hatsune Miku: Project Mirai DX,2015.0,0.16,0.04,0.1,0.02,0.32,80.0,32.0,71.0,8.52,9.45,7.58
Haze,2008.0,0.49,0.33,0.02,0.15,0.99,55.0,65.0,294.0,6.12,6.48,5.77
Hearts of Iron III,2009.0,0.02,0.04,0.0,0.01,0.07,77.0,23.0,233.0,7.71,7.67,7.75
Heavenly Sword,2007.0,0.57,0.72,0.06,0.29,1.65,79.0,64.0,544.0,7.57,7.64,7.51
Heavy Rain,2010.0,1.29,1.21,0.06,0.47,3.03,87.0,107.0,2759.0,8.42,8.55,8.3
Hellgate: London,2007.0,0.0,0.02,0.0,0.0,0.02,70.0,40.0,374.0,7.27,7.27,7.28
Here They Lie,2016.0,0.0,0.02,0.0,0.0,0.02,62.0,31.0,36.0,7.22,8.03,6.42
Heroes of Might and Magic V,2006.0,0.0,0.03,0.0,0.01,0.04,77.0,41.0,349.0,8.07,8.43,7.71
Heroes of Ruin,2012.0,0.13,0.07,0.0,0.02,0.21,69.0,53.0,50.0,7.77,8.68,6.86
Hitman: Absolution,2012.0,0.31,0.61,0.035,0.24,1.19,81.0,28.0,919.0,8.455,8.98,7.9350000000000005
Hitman: Blood Money,2006.0,0.0,0.03,0.0,0.01,0.03,82.0,35.0,528.0,8.51,9.19,7.84
Homefront,2011.0,0.215,0.245,0.02,0.09,0.5700000000000001,70.0,48.0,352.5,6.785,6.79,6.77
Homefront: The Revolution,2016.0,0.06,0.21,0.03,0.05,0.35,48.0,43.0,212.0,6.5,7.57,5.44
Hometown Story,2013.0,0.23,0.12,0.04,0.04,0.43,47.0,14.0,24.0,6.12,6.88,5.36
Homeworld 2,2003.0,0.0,0.03,0.0,0.0,0.03,83.0,31.0,128.0,7.74,7.64,7.84
How to Train Your Dragon,2010.0,0.12,0.03,0.0,0.02,0.18,51.0,18.0,6.0,6.84,7.77,5.92
Hunted: The Demon's Forge,2011.0,0.075,0.045,0.01,0.015,0.15,59.0,27.5,98.5,6.76,7.12,6.4
Hyperdimension Neptunia,2010.0,0.22,0.09,0.07,0.04,0.43,45.0,31.0,148.0,6.1,7.25,4.95
IL-2 Sturmovik: Birds of Prey,2009.0,0.34,0.25,0.0,0.1,0.68,81.0,28.0,20.0,7.87,7.81,7.93
Imperial Glory,2005.0,0.0,0.04,0.0,0.0,0.04,69.0,28.0,73.0,7.44,7.7,7.18
Impossible Creatures,2002.0,0.0,0.01,0.0,0.0,0.01,72.0,30.0,39.0,8.5,9.39,7.61
Indigo Prophecy,2005.0,0.0,0.02,0.0,0.0,0.02,85.0,41.0,375.0,7.94,7.98,7.89
Injustice: Gods Among Us,2013.0,0.48,0.5,0.01,0.2,1.18,78.0,37.0,282.0,8.08,8.31,7.85
Inversion,2012.0,0.03,0.03,0.0,0.01,0.07,56.0,23.0,43.0,6.74,7.47,6.01
Iron Man,2008.0,0.32,0.25,0.0,0.11,0.68,42.0,27.0,45.0,6.45,6.91,5.99
Jack Keane,2008.0,0.0,0.02,0.0,0.0,0.03,69.0,25.0,21.0,6.98,7.1,6.87
James Bond 007: Blood Stone,2010.0,0.09999999999999999,0.18,0.01,0.065,0.36,64.0,33.0,58.5,6.890000000000001,7.24,6.55
JoJo's Bizarre Adventure: Eyes of Heaven,2015.0,0.0,0.0,0.03,0.0,0.03,61.0,35.0,44.0,7.83,9.22,6.45
Journey,2012.0,0.04,0.13,0.0,0.04,0.21,92.0,78.0,1381.0,9.36,9.61,9.11
Just Cause,2006.0,0.0,0.01,0.0,0.0,0.02,75.0,21.0,206.0,6.8,6.63,6.97
Just Cause 2,2010.0,0.225,0.51,0.03,0.17,0.935,83.5,49.5,564.5,8.415,8.86,7.97
Just Cause 3,2015.0,0.25,0.5700000000000001,0.035,0.14500000000000002,1.0,73.5,46.0,466.0,7.970000000000001,8.325,7.625
Just Dance 2014,2013.0,0.18,0.15000000000000002,0.0,0.065,0.395,76.0,5.0,38.0,8.100000000000001,8.71,7.49
Just Dance 2015,2014.0,0.19,0.13,0.0,0.07,0.39,72.0,8.0,32.0,8.04,8.8,7.28
Just Dance 2016,2015.0,0.17,0.13,0.0,0.06,0.36,73.0,10.0,20.0,8.04,8.89,7.2
Just Dance 3,2011.0,0.33,0.2,0.0,0.09,0.62,75.0,5.0,7.0,7.99,8.65,7.33
Just Dance 4,2012.0,0.26,0.11,0.0,0.06,0.43,77.0,5.0,29.0,8.01,8.66,7.35
Katamari Forever,2009.0,0.26,0.04,0.06,0.04,0.4,74.0,51.0,50.0,8.01,8.61,7.42
Kid Icarus: Uprising,2012.0,0.48,0.35,0.36,0.07,1.27,83.0,75.0,487.0,8.98,9.72,8.24
Killer is Dead,2013.0,0.12,0.03,0.05,0.03,0.23,64.0,39.0,215.0,7.38,8.09,6.66
Killzone 2,2009.0,1.4,1.06,0.08,0.47,3.01,91.0,94.0,1505.0,8.71,8.46,8.96
Killzone 3,2011.0,1.45,0.86,0.09,0.38,2.77,84.0,85.0,942.0,8.42,8.45,8.4
Killzone: Shadow Fall,2013.0,0.89,1.33,0.08,0.39,2.69,73.0,88.0,2102.0,7.81,8.21,7.42
Kingdom Hearts 3D: Dream Drop Distance,2012.0,0.88,0.26,0.34,0.1,1.58,75.0,54.0,267.0,8.69,9.66,7.71
Kingdoms of Amalur: Reckoning,2012.0,0.255,0.21,0.045,0.07,0.575,81.0,29.5,736.5,8.385,8.895,7.87
Kirby: Planet Robobot,2016.0,0.28,0.14,0.47,0.04,0.93,81.0,71.0,87.0,8.86,9.64,8.09
Kirby: Triple Deluxe,2014.0,0.61,0.34,0.79,0.09,1.83,80.0,68.0,206.0,8.84,9.68,8.0
Knack,2013.0,0.43,0.68,0.42,0.2,1.73,54.0,83.0,1074.0,6.91,8.35,5.48
Knights Contract,2011.0,0.04,0.03,0.0,0.01,0.08,51.0,37.0,8.0,6.23,7.08,5.39
L.A. Noire,2011.0,1.27,1.29,0.12,0.49,3.17,89.0,78.0,1010.0,8.41,8.25,8.57
L.A. Noire: The Complete Edition,2011.0,0.08,0.13,0.0,0.03,0.25,83.0,28.0,903.0,8.07,7.83,8.31
LEGO Batman 2: DC Super Heroes,2012.0,0.41,0.28,0.0,0.06,0.75,72.0,6.0,25.0,7.96,8.78,7.13
LEGO Batman: The Videogame,2008.0,0.37,0.21000000000000002,0.0,0.1,0.675,77.5,19.5,47.0,7.87,8.27,7.475
LEGO Jurassic World,2015.0,0.16,0.22999999999999998,0.01,0.07,0.47000000000000003,71.0,27.0,55.5,8.07,8.754999999999999,7.39
LEGO Marvel Super Heroes,2013.0,0.4666666666666666,0.5466666666666667,0.006666666666666667,0.18666666666666668,1.21,81.0,17.0,154.0,8.43,9.04,7.816666666666666
LEGO Pirates of the Caribbean: The Video Game,2011.0,0.29,0.27,0.0,0.06,0.62,71.0,16.0,20.0,7.75,8.78,6.72
LEGO Star Wars II: The Original Trilogy,2006.0,0.0,0.01,0.0,0.0,0.02,86.0,20.0,64.0,7.86,8.08,7.64
LEGO Star Wars: The Complete Saga,2007.0,1.02,0.9,0.0,0.36,2.29,80.0,18.0,87.0,8.01,8.51,7.51
LEGO The Hobbit,2014.0,0.13,0.38,0.0,0.09,0.6,72.0,47.0,88.0,7.98,8.84,7.12
LEGO The Lord of the Rings,2012.0,0.21333333333333337,0.26,0.0,0.08333333333333333,0.5533333333333333,74.33333333333333,8.666666666666666,74.0,8.113333333333333,8.796666666666667,7.43
Lara Croft and the Temple of Osiris,2014.0,0.0,0.045000000000000005,0.0,0.005,0.055,73.5,28.5,90.0,7.355,7.32,7.385
Left 4 Dead,2008.0,0.0,0.02,0.0,0.0,0.02,89.0,58.0,3717.0,8.89,9.36,8.43
Left 4 Dead 2,2009.0,0.0,0.32,0.0,0.04,0.36,89.0,55.0,2530.0,9.14,9.68,8.6
Legend of Kay Anniversary,2015.0,0.0,0.02,0.0,0.0,0.03,62.0,22.0,11.0,7.32,8.38,6.26
Legendary,2008.0,0.08,0.03,0.0,0.02,0.13,50.0,31.0,31.0,6.15,6.5,5.8
Life is Strange,2016.0,0.08,0.095,0.015,0.03,0.22,84.0,19.0,1146.0,8.235,8.785,7.69
Lightning Returns: Final Fantasy XIII,2013.0,0.31,0.2,0.45,0.11,1.07,66.0,62.0,552.0,7.4,8.19,6.6
LittleBigPlanet,2008.0,2.8,1.98,0.17,0.87,5.82,95.0,85.0,5311.0,8.95,8.95,8.95
LittleBigPlanet 2,2011.0,1.83,1.05,0.06,0.46,3.39,91.0,86.0,657.0,9.11,9.29,8.92
LittleBigPlanet 3,2014.0,0.66,0.93,0.01,0.31,1.91,79.0,78.0,506.0,8.22,8.67,7.76
LittleBigPlanet Karting,2012.0,0.42,0.3,0.01,0.15,0.87,73.0,69.0,159.0,8.08,8.91,7.26
Lollipop Chainsaw,2012.0,0.27,0.2,0.11,0.08,0.66,67.0,37.0,199.0,7.45,8.05,6.84
Lord of Magna: Maiden Heaven,2014.0,0.0,0.0,0.06,0.0,0.06,68.0,16.0,36.0,7.76,8.47,7.05
Lords of the Fallen,2014.0,0.09,0.135,0.01,0.04,0.275,70.5,40.5,504.0,6.915,6.8,7.035
Lost Dimension,2014.0,0.05,0.01,0.0,0.01,0.07,71.0,18.0,27.0,7.65,8.26,7.04
Lost Horizon,2010.0,0.0,0.1,0.0,0.02,0.11,77.0,24.0,27.0,7.82,8.48,7.16
Lost Planet 2,2010.0,0.145,0.17500000000000002,0.1,0.065,0.49,65.5,35.5,74.5,7.225,7.390000000000001,7.0600000000000005
Lost Planet 3,2013.0,0.035,0.045,0.03,0.01,0.125,61.0,23.5,156.0,6.695,7.265000000000001,6.12
Lost Planet: Extreme Condition,2008.0,0.31,0.17,0.07,0.08,0.64,67.0,34.0,36.0,7.14,7.39,6.9
Lost: Via Domus,2008.0,0.095,0.115,0.0,0.045,0.26,53.0,26.0,33.0,6.775,7.58,5.975
Luigi's Mansion: Dark Moon,2013.0,1.8,1.39,1.11,0.29,4.59,86.0,74.0,458.0,9.05,9.73,8.37
MLB 07: The Show,2007.0,0.29,0.0,0.0,0.02,0.31,77.0,30.0,17.0,7.84,7.92,7.76
MLB 08: The Show,2008.0,0.64,0.0,0.0,0.05,0.7,85.0,33.0,76.0,7.97,7.75,8.19
MLB 09: The Show,2009.0,0.66,0.0,0.0,0.06,0.72,90.0,27.0,61.0,8.34,8.24,8.45
MLB 10: The Show,2010.0,0.66,0.0,0.0,0.06,0.72,91.0,33.0,107.0,8.33,8.23,8.43
MLB 11: The Show,2011.0,0.54,0.0,0.0,0.04,0.58,90.0,30.0,87.0,8.39,8.46,8.33
MLB 12: The Show,2012.0,0.86,0.0,0.0,0.06,0.92,87.0,23.0,75.0,8.53,8.68,8.39
MLB 13: The Show,2013.0,0.67,0.0,0.0,0.07,0.74,87.0,36.0,114.0,8.79,9.17,8.41
MLB 14: The Show,2014.0,0.46499999999999997,0.0,0.0,0.11000000000000001,0.575,82.0,21.5,142.0,8.415,8.73,8.100000000000001
MLB 15: The Show,2015.0,0.68,0.08,0.0,0.17,0.92,80.0,44.0,190.0,8.43,8.97,7.9
Madden NFL 07,2006.0,0.47,0.0,0.01,0.04,0.52,76.0,25.0,22.0,7.31,6.95,7.66
Madden NFL 08,2007.0,0.89,0.0,0.0,0.08,0.97,81.0,31.0,33.0,7.76,7.46,8.07
Madden NFL 09,2008.0,1.56,0.14,0.0,0.18,1.88,85.0,38.0,132.0,7.93,7.88,7.99
Madden NFL 10,2009.0,2.03,0.13,0.0,0.21,2.37,85.0,41.0,58.0,8.14,8.1,8.18
Madden NFL 11,2010.0,2.04,0.15,0.0,0.2,2.38,83.0,36.0,68.0,7.97,7.92,8.01
Madden NFL 12,2011.0,1.93,0.15,0.0,0.17,2.25,79.0,31.0,56.0,7.97,8.5,7.45
Madden NFL 13,2012.0,1.055,0.115,0.0,0.115,1.285,83.0,22.0,101.0,8.15,8.33,7.96
Madden NFL 15,2014.0,1.54,0.25,0.0,0.4,2.19,81.0,37.0,208.0,8.44,8.83,8.05
Madden NFL 16,2015.0,2.34,0.3,0.0,0.6,3.24,83.0,37.0,180.0,8.41,8.66,8.17
Madden NFL 17,2016.0,1.25,0.17,0.0,0.32,1.75,82.0,35.0,83.0,8.34,8.47,8.22
Madden NFL 25,2013.0,1.115,0.08,0.0,0.195,1.385,75.0,16.0,104.5,8.075,8.67,7.48
Madden NFL Football,2011.0,0.36,0.01,0.0,0.03,0.39,49.0,18.0,16.0,6.99,8.78,5.2
Mafia II,2010.0,0.335,0.43,0.02,0.155,0.9450000000000001,76.0,53.5,767.5,8.205,8.934999999999999,7.475
Mafia III,2016.0,0.42,1.08,0.03,0.28,1.81,68.0,66.0,1147.0,7.62,8.44,6.81
Magicka,2011.0,0.0,0.02,0.0,0.01,0.03,74.0,44.0,602.0,8.1,8.84,7.36
Majesty 2: The Fantasy Kingdom Sim,2009.0,0.01,0.0,0.0,0.0,0.02,72.0,31.0,129.0,7.26,7.08,7.45
Majin and the Forsaken Kingdom,2010.0,0.09,0.13,0.01,0.05,0.29,72.0,49.0,35.0,7.55,7.78,7.32
Major League Baseball 2K10,2010.0,0.17,0.0,0.0,0.01,0.19,74.0,19.0,4.0,7.79,8.24,7.34
Major League Baseball 2K11,2011.0,0.105,0.02,0.0,0.015,0.14,73.0,9.0,12.5,7.34,7.455,7.235
Major League Baseball 2K12,2012.0,0.18,0.0,0.0,0.02,0.19,68.0,8.0,5.0,7.23,7.83,6.63
Major League Baseball 2K8,2008.0,0.28,0.0,0.0,0.03,0.31,67.0,23.0,8.0,7.1,7.42,6.79
Major League Baseball 2K9,2009.0,0.16,0.0,0.0,0.01,0.17,61.0,19.0,6.0,7.0,7.5,6.5
Mario Kart 7,2011.0,5.03,4.02,2.69,0.91,12.66,85.0,73.0,632.0,9.09,9.77,8.41
Mario Party: Island Tour,2013.0,0.62,0.64,0.55,0.11,1.92,57.0,47.0,117.0,7.4,8.74,6.06
Mario Party: Star Rush,2016.0,0.08,0.13,0.08,0.02,0.3,68.0,37.0,16.0,7.76,8.76,6.77
Mario Tennis Open,2012.0,0.26,0.29,0.34,0.05,0.95,69.0,58.0,110.0,7.85,8.75,6.95
Mario vs. Donkey Kong: Tipping Stars,2015.0,0.0,0.0,0.06,0.0,0.06,70.0,15.0,48.0,7.96,8.75,7.17
Marvel vs. Capcom 3: Fate of Two Worlds,2011.0,0.81,0.28,0.11,0.14,1.34,84.0,56.0,147.0,8.05,7.86,8.25
Marvel: Ultimate Alliance,2006.0,0.17,0.01,0.0,0.015,0.195,80.0,28.5,50.5,7.56,7.675,7.455
Marvel: Ultimate Alliance 2,2009.0,0.49,0.15,0.0,0.09,0.73,74.0,48.0,51.0,7.69,7.84,7.54
Mass Effect,2008.0,0.0,0.59,0.0,0.08,0.67,89.0,45.0,2386.0,8.89,9.12,8.66
Mass Effect 2,2010.5,0.395,0.385,0.015,0.125,0.9199999999999999,94.0,58.5,2320.0,9.23,9.25,9.215
Mass Effect 3,2012.0,0.515,0.5,0.015,0.16,1.1949999999999998,91.0,26.5,3887.5,8.655000000000001,8.555,8.76
Max Payne,2001.0,0.0,0.02,0.0,0.0,0.02,89.0,32.0,1016.0,8.47,8.72,8.21
Max Payne 2: The Fall of Max Payne,2003.0,0.0,0.02,0.0,0.0,0.03,86.0,46.0,802.0,8.61,9.03,8.19
Max Payne 3,2012.0,0.375,0.555,0.03,0.175,1.1400000000000001,87.0,30.5,1496.0,8.48,8.545,8.415
Medal of Honor,2010.0,0.74,0.635,0.035,0.24,1.65,73.5,41.0,401.0,7.425,7.7,7.15
Medal of Honor: Airborne,2007.0,0.125,0.365,0.015,0.13,0.63,76.5,27.0,121.5,7.675,7.685,7.665
Medal of Honor: Warfighter,2012.0,0.31,0.385,0.03,0.15,0.87,55.0,26.0,424.5,6.83,7.775,5.885
Medieval II: Total War,2006.0,0.0,0.08,0.0,0.02,0.1,88.0,39.0,648.0,8.82,9.4,8.23
Medieval Moves: Deadmund's Quest,2011.0,0.13,0.11,0.0,0.04,0.28,61.0,41.0,17.0,6.96,7.78,6.14
Men of War,2009.0,0.01,0.02,0.0,0.0,0.03,80.0,22.0,136.0,8.06,8.59,7.54
Men of War: Assault Squad,2011.0,0.01,0.03,0.0,0.01,0.05,77.0,21.0,93.0,8.17,8.67,7.68
Mercenaries 2: World in Flames,2008.0,0.29,0.39,0.02,0.16,0.87,72.0,43.0,73.0,7.19,7.55,6.83
Metal Gear Rising: Revengeance,2013.0,0.45,0.37,0.44,0.16,1.42,80.0,61.0,746.0,8.02,8.57,7.48
Metal Gear Solid 4: Guns of the Patriots,2008.0,2.63,1.71,0.83,0.82,5.99,94.0,82.0,3558.0,9.12,9.17,9.06
Metal Gear Solid V: Ground Zeroes,2014.0,0.19666666666666668,0.19999999999999998,0.1466666666666667,0.07666666666666666,0.6233333333333333,73.66666666666667,31.666666666666668,655.0,8.096666666666666,8.610000000000001,7.586666666666666
Metal Gear Solid V: The Phantom Pain,2015.0,0.545,0.7150000000000001,0.245,0.24,1.745,92.0,49.5,2953.0,9.115,9.11,9.120000000000001
Metal Gear Solid: Snake Eater 3D,2012.0,0.15,0.11,0.1,0.02,0.38,78.0,46.0,167.0,8.7,9.69,7.71
Metro 2033,2010.0,0.0,0.19,0.0,0.05,0.24,81.0,40.0,1472.0,8.07,8.42,7.71
Metro: Last Light,2013.0,0.06,0.11,0.0,0.02,0.19,82.0,71.0,2654.0,8.12,8.24,8.0
Metroid Prime: Federation Force,2016.0,0.02,0.01,0.01,0.0,0.05,64.0,56.0,219.0,7.75,8.97,6.52
Michael Jackson: The Experience,2011.0,0.25,0.19,0.0,0.08,0.52,66.0,11.0,16.0,7.83,8.76,6.91
Midnight Club: Los Angeles,2008.0,1.56,0.53,0.05,0.31,2.45,82.0,50.0,100.0,8.11,8.27,7.96
Mighty No. 9,2016.0,0.04,0.0,0.0,0.01,0.05,52.0,64.0,282.0,6.38,7.09,5.67
Mini Ninjas,2009.0,0.07,0.08499999999999999,0.0,0.03,0.18000000000000002,73.5,25.5,70.0,7.9399999999999995,8.6,7.29
Mirror's Edge,2008.5,0.155,0.315,0.01,0.115,0.595,80.0,55.0,694.0,8.315,8.72,7.915
Mirror's Edge Catalyst,2016.0,0.06,0.10500000000000001,0.01,0.025,0.205,71.5,37.0,592.0,7.765000000000001,8.265,7.265000000000001
ModNation Racers,2010.0,0.5,0.4,0.06,0.16,1.12,82.0,85.0,201.0,8.31,8.79,7.83
Monster Hunter 4 Ultimate,2014.0,0.68,0.48,2.62,0.11,3.89,86.0,80.0,348.0,9.07,9.59,8.56
Mortal Kombat,2011.0,1.98,0.53,0.0,0.34,2.84,84.0,60.0,494.0,8.79,9.11,8.47
Mortal Kombat X,2015.0,0.755,0.42000000000000004,0.0,0.24,1.4149999999999998,79.5,45.5,655.5,8.47,8.725,8.21
Mortal Kombat vs. DC Universe,2008.0,1.48,0.28,0.0,0.23,2.0,76.0,44.0,107.0,8.0,8.45,7.56
MotorStorm,2006.0,1.53,1.6,0.06,0.67,3.87,84.0,9.0,220.0,7.6,7.6,7.61
MotorStorm: Apocalypse,2011.0,0.21,0.19,0.0,0.08,0.48,77.0,74.0,155.0,8.13,8.56,7.7
MotorStorm: Pacific Rift,2008.0,0.43,0.65,0.02,0.25,1.35,82.0,63.0,318.0,8.06,8.12,8.0
Mugen Souls Z,2013.0,0.02,0.01,0.04,0.01,0.07,57.0,26.0,56.0,7.39,8.75,6.03
Murdered: Soul Suspect,2014.0,0.045,0.10500000000000001,0.01,0.025,0.185,59.0,41.0,344.5,7.195,8.295,6.105
NASCAR '14,2014.0,0.09,0.0,0.0,0.02,0.11,67.0,7.0,20.0,7.18,7.55,6.81
NASCAR 09,2008.0,0.22,0.01,0.0,0.02,0.25,65.0,22.0,10.0,7.23,7.39,7.06
NASCAR Heat Evolution,2016.0,0.04,0.0,0.0,0.01,0.05,66.0,8.0,18.0,6.73,7.51,5.95
NBA 2K10,2009.0,0.75,0.01,0.01,0.07,0.84,83.0,30.0,39.0,8.04,8.2,7.89
NBA 2K11,2010.0,0.7949999999999999,0.1,0.015,0.085,0.995,85.5,26.0,71.0,8.415,8.434999999999999,8.395
NBA 2K12,2011.0,0.8550000000000001,0.155,0.025,0.09999999999999999,1.135,88.0,21.5,96.5,8.285,8.175,8.385
NBA 2K13,2012.0,0.865,0.225,0.025,0.135,1.25,90.0,15.5,114.5,8.385,8.435,8.335
NBA 2K14,2013.0,1.165,0.31,0.025,0.275,1.7799999999999998,84.5,23.0,255.0,8.575,9.02,8.125
NBA 2K15,2014.0,1.47,0.54,0.01,0.43,2.45,83.0,50.0,291.0,8.5,8.73,8.26
NBA 2K16,2015.0,2.49,0.66,0.03,0.69,3.88,87.0,51.0,364.0,8.59,8.67,8.5
NBA 2K17,2016.0,0.625,0.14,0.01,0.17,0.945,89.0,26.5,107.0,7.7250000000000005,6.795,8.65
NBA 2K7,2006.0,0.3,0.04,0.0,0.03,0.37,80.0,20.0,8.0,7.89,7.94,7.85
NBA 2K8,2007.0,0.5,0.01,0.0,0.05,0.55,81.0,18.0,19.0,7.95,8.19,7.71
NBA 2K9,2008.0,0.56,0.0,0.0,0.05,0.61,82.0,30.0,37.0,8.28,8.42,8.14
NBA Live 09,2008.0,0.46,0.0,0.02,0.04,0.52,75.0,32.0,15.0,7.91,8.28,7.53
NBA Live 10,2009.0,0.46,0.02,0.01,0.05,0.54,81.0,32.0,25.0,7.84,8.12,7.55
NBA Live 15,2014.0,0.16,0.04,0.0,0.04,0.23,59.0,24.0,86.0,7.07,7.84,6.29
NBA Live 16,2015.0,0.1,0.04,0.0,0.03,0.18,59.0,27.0,70.0,7.19,8.23,6.15
NCAA Basketball 10,2009.0,0.31,0.0,0.0,0.03,0.33,75.0,17.0,6.0,7.54,7.74,7.33
NCAA Football 08,2007.0,0.35,0.0,0.0,0.03,0.38,77.0,13.0,28.0,7.64,7.69,7.6
NCAA Football 09,2008.0,0.54,0.0,0.0,0.04,0.58,81.0,20.0,25.0,7.8,8.28,7.31
NCAA Football 10,2009.0,0.75,0.0,0.0,0.06,0.81,80.0,20.0,14.0,8.13,8.2,8.07
NCAA Football 11,2010.0,0.79,0.0,0.0,0.06,0.85,85.0,22.0,25.0,8.25,8.31,8.19
NCAA Football 12,2011.0,0.78,0.0,0.0,0.05,0.83,82.0,17.0,41.0,8.16,8.41,7.92
NCAA Football 13,2012.0,0.82,0.0,0.0,0.07,0.89,79.0,9.0,34.0,8.1,8.69,7.5
NCAA Football 14,2013.0,0.75,0.0,0.0,0.09,0.84,77.0,9.0,40.0,8.2,8.98,7.43
NHL 08,2007.0,0.16,0.06,0.0,0.03,0.25,86.0,23.0,23.0,7.87,7.77,7.97
NHL 09,2008.0,0.29,0.02,0.0,0.03,0.33,88.0,25.0,41.0,8.37,8.39,8.35
NHL 10,2009.0,0.38,0.12,0.0,0.07,0.57,88.0,35.0,40.0,8.17,7.94,8.41
NHL 11,2010.0,0.4,0.12,0.0,0.07,0.59,88.0,38.0,54.0,8.19,8.01,8.36
NHL 12,2011.0,0.36,0.15,0.0,0.07,0.58,86.0,33.0,52.0,8.22,8.14,8.29
NHL 13,2012.0,0.33,0.21,0.0,0.09,0.64,84.0,22.0,60.0,7.75,7.32,8.18
NHL 14,2013.0,0.28,0.17,0.0,0.09,0.54,80.0,22.0,79.0,8.23,8.9,7.57
NHL 15,2014.0,0.31,0.19,0.0,0.1,0.6,60.0,28.0,306.0,6.82,7.51,6.12
NHL 16,2015.0,0.36,0.16,0.0,0.11,0.63,78.0,28.0,157.0,8.16,8.39,7.92
NHL 17,2016.0,0.19,0.08,0.0,0.06,0.33,78.0,26.0,67.0,7.98,8.16,7.8
NHL 2K10,2009.0,0.13,0.01,0.0,0.01,0.15,66.0,23.0,8.0,7.13,7.45,6.81
Napoleon: Total War,2010.0,0.02,0.53,0.0,0.12,0.66,81.0,56.0,515.0,8.62,8.94,8.31
Naruto Shippuden: Ultimate Ninja Storm 2,2010.0,0.42,0.46,0.15,0.18,1.21,76.0,34.0,130.0,8.12,8.6,7.63
Naruto Shippuden: Ultimate Ninja Storm 3,2013.0,0.32,0.32,0.15,0.15,0.93,77.0,32.0,187.0,8.46,9.28,7.65
Naruto Shippuden: Ultimate Ninja Storm 4,2016.0,0.41,0.45,0.11,0.17,1.14,79.0,60.0,201.0,8.62,9.41,7.82
Naruto Shippuden: Ultimate Ninja Storm Generations,2012.0,0.27,0.24,0.14,0.08,0.73,74.0,23.0,83.0,7.8,7.99,7.61
Naruto Shippuden: Ultimate Ninja Storm Revolution,2014.0,0.15,0.14,0.09,0.06,0.43,73.0,26.0,100.0,8.19,8.97,7.41
Naruto: Powerful Shippuden,2012.0,0.08,0.02,0.04,0.01,0.15,71.0,13.0,19.0,7.55,7.92,7.17
Naruto: Ultimate Ninja Storm,2008.0,0.49,0.34,0.09,0.15,1.07,75.0,32.0,95.0,7.89,8.11,7.67
Need for Speed: Hot Pursuit,2010.0,0.585,0.715,0.015,0.26,1.575,87.5,36.5,428.5,8.385,8.42,8.344999999999999
Need for Speed: ProStreet,2007.0,0.365,0.47500000000000003,0.02,0.185,1.04,71.5,22.0,103.0,7.27,7.18,7.37
Need for Speed: Shift,2009.0,0.345,0.725,0.02,0.265,1.355,83.5,38.5,250.0,7.8100000000000005,7.625,7.984999999999999
Need for Speed: The Run,2011.0,0.2533333333333333,0.4466666666666667,0.01,0.15,0.8533333333333332,66.0,25.0,182.0,7.183333333333334,7.933333333333334,6.436666666666667
NeverDead,2012.0,0.06,0.04,0.01,0.02,0.12,50.0,32.0,47.0,6.04,6.78,5.31
Neverwinter Nights,2002.0,0.0,0.03,0.0,0.0,0.03,91.0,34.0,490.0,7.88,8.04,7.71
Neverwinter Nights 2,2006.0,0.0,0.02,0.0,0.0,0.02,82.0,46.0,565.0,7.77,7.73,7.82
New Super Mario Bros. 2,2012.0,3.66,3.14,2.47,0.63,9.9,78.0,70.0,424.0,8.62,9.74,7.51
Ni no Kuni: Wrath of the White Witch,2011.0,0.6,0.47,0.21,0.23,1.51,85.0,89.0,984.0,8.8,9.17,8.43
Nights of Azure,2015.0,0.03,0.02,0.0,0.01,0.06,67.0,40.0,71.0,7.75,8.55,6.95
Ninja Gaiden 3,2012.0,0.19,0.09,0.11,0.05,0.43,58.0,43.0,152.0,6.28,6.84,5.71
Ninja Gaiden Sigma,2007.0,0.57,0.32,0.09,0.16,1.14,88.0,46.0,155.0,8.27,8.26,8.28
Ninja Gaiden Sigma 2,2009.0,0.52,0.16,0.08,0.1,0.85,83.0,52.0,115.0,8.41,8.58,8.24
Nitroplus Blasterz: Heroines Infinite Duel,2015.0,0.01,0.0,0.02,0.0,0.04,70.0,33.0,28.0,7.93,8.87,6.99
No Man's Sky,2016.0,0.63,0.76,0.03,0.27,1.7,71.0,94.0,5096.0,7.18,7.1,7.26
No More Heroes: Heroes' Paradise,2010.0,0.1,0.04,0.04,0.02,0.19,72.0,38.0,38.0,7.46,7.69,7.22
Nobunaga's Ambition: Sphere of Influence,2014.0,0.03,0.0,0.0,0.01,0.04,80.0,20.0,46.0,8.07,8.69,7.45
Odin Sphere: Leifthrasir,2016.0,0.07,0.04,0.07,0.02,0.2,87.0,49.0,178.0,9.01,9.3,8.73
Omega Quintet,2014.0,0.0,0.0,0.02,0.0,0.02,58.0,22.0,81.0,7.53,8.86,6.2
One Piece: Pirate Warriors,2012.0,0.01,0.23,0.86,0.08,1.18,64.0,33.0,55.0,8.14,9.34,6.93
One Piece: Pirate Warriors 2,2013.0,0.0,0.19,0.42,0.05,0.66,71.0,35.0,61.0,8.41,9.51,7.31
One Piece: Pirate Warriors 3,2015.0,0.09,0.22,0.1,0.06,0.46,74.0,34.0,118.0,8.37,9.33,7.41
Onechanbara Z2: Chaos,2014.0,0.14,0.03,0.04,0.04,0.24,57.0,40.0,72.0,7.33,8.84,5.81
Operation Flashpoint: Dragon Rising,2009.0,0.125,0.245,0.025,0.09000000000000001,0.48000000000000004,76.0,35.5,296.0,7.17,6.865,7.475
Operation Flashpoint: Red River,2011.0,0.034999999999999996,0.09000000000000001,0.035,0.030000000000000002,0.195,67.0,30.5,60.5,7.205,7.42,6.99
Order of War,2009.0,0.0,0.01,0.0,0.0,0.02,69.0,39.0,73.0,6.95,6.74,7.16
Overlord,2007.0,0.0,0.02,0.0,0.0,0.02,81.0,27.0,220.0,8.34,9.1,7.58
Overlord II,2009.0,0.055,0.09,0.0,0.03,0.175,75.5,37.0,91.5,7.755,8.17,7.34
Overwatch,2016.0,0.53,0.5449999999999999,0.075,0.185,1.335,90.5,46.5,2705.0,8.56,8.260000000000002,8.86
PAC-MAN and the Ghostly Adventures,2013.0,0.03,0.03,0.0,0.01,0.08,51.0,6.0,7.0,7.56,8.58,6.55
Paper Mario: Sticker Star,2012.0,1.12,0.41,0.64,0.14,2.3,75.0,69.0,382.0,8.17,8.7,7.64
Patrician IV,2010.0,0.03,0.0,0.0,0.0,0.04,66.0,18.0,34.0,6.3,6.13,6.46
Payday 2,2013.0,0.13,0.07,0.0,0.045,0.24,76.5,31.5,1869.5,8.275,8.925,7.625
Persona Q: Shadow of the Labyrinth,2014.0,0.34,0.07,0.27,0.04,0.72,83.0,56.0,169.0,8.81,9.35,8.26
Pillars of Eternity,2014.0,0.0,0.02,0.0,0.0,0.02,89.0,71.0,2191.0,8.65,8.56,8.74
Pirates of the Burning Sea,2008.0,0.0,0.01,0.0,0.0,0.02,76.0,30.0,61.0,7.37,7.27,7.46
Plants vs. Zombies,2010.0,0.09,0.02,0.0,0.015,0.125,86.0,24.5,475.5,8.8,9.469999999999999,8.129999999999999
Plants vs. Zombies: Garden Warfare,2014.0,0.105,0.155,0.005,0.05,0.315,76.5,17.0,222.5,7.965,8.025,7.9
Plants vs. Zombies: Garden Warfare 2,2016.0,0.1,0.125,0.0,0.04,0.27,81.5,17.5,77.5,8.33,8.54,8.114999999999998
PlayStation All-Stars Battle Royale,2012.0,0.5,0.27,0.04,0.15,0.95,74.0,69.0,540.0,8.31,9.0,7.62
PlayStation Move Heroes,2011.0,0.08,0.06,0.0,0.03,0.17,53.0,39.0,16.0,6.77,8.08,5.46
PlayStation VR Worlds,2016.0,0.06,0.14,0.02,0.04,0.25,59.0,48.0,73.0,7.14,8.61,5.68
Pokemon Mystery Dungeon: Gates to Infinity,2012.0,0.44,0.29,0.47,0.07,1.27,59.0,46.0,134.0,7.48,8.64,6.32
Portal 2,2011.0,0.58,0.45999999999999996,0.01,0.16999999999999998,1.23,95.0,53.0,3468.0,9.33,9.52,9.14
Prince of Persia,2008.0,0.47,0.4,0.03,0.17,1.07,85.0,59.0,245.0,8.1,7.94,8.26
Prince of Persia: The Forgotten Sands,2010.0,0.095,0.195,0.005,0.06,0.36,75.0,32.5,169.0,7.449999999999999,7.5649999999999995,7.33
Pro Evolution Soccer 2008,2007.0,0.04,1.1,0.32,0.13,1.59,74.0,19.0,47.0,6.97,6.7,7.25
Pro Evolution Soccer 2010,2009.0,0.3,1.27,0.46,0.26,2.28,78.0,42.0,76.0,7.52,7.35,7.69
Pro Evolution Soccer 2011 3D,2011.0,0.11,0.13,0.11,0.02,0.38,73.0,43.0,18.0,7.35,7.58,7.11
Pro Evolution Soccer 2012,2011.0,0.34,0.96,0.55,0.33,2.19,80.0,41.0,132.0,7.77,7.73,7.81
Pro Evolution Soccer 2013,2012.0,0.09,0.35,0.245,0.125,0.805,81.0,22.5,164.0,7.73,7.735,7.725
Pro Evolution Soccer 2014,2013.0,0.015,0.255,0.255,0.005,0.525,76.0,24.0,271.0,7.325,7.109999999999999,7.545
Pro Evolution Soccer 2015,2014.0,0.09,0.45,0.11,0.1,0.75,82.0,56.0,386.0,8.03,8.08,7.99
Pro Evolution Soccer 2016,2015.0,0.065,0.22999999999999998,0.065,0.05,0.41500000000000004,81.5,33.0,483.0,7.945,7.640000000000001,8.25
Pro Evolution Soccer 2017,2016.0,0.01,0.14500000000000002,0.055,0.025,0.23500000000000001,77.0,35.0,307.5,7.625,7.1850000000000005,8.065000000000001
Professor Layton and the Azran Legacy,2013.0,0.0,0.48,0.25,0.03,0.75,81.0,58.0,86.0,8.74,9.49,7.98
Project CARS,2015.0,0.1,0.41,0.01,0.085,0.6100000000000001,83.0,42.5,390.5,7.975,7.725,8.225
Project X Zone,2012.0,0.18,0.04,0.15,0.02,0.39,70.0,53.0,146.0,7.77,8.64,6.89
Psycho-Pass: Mandatory Happiness,2016.0,0.03,0.0,0.0,0.01,0.04,72.0,26.0,19.0,7.01,6.79,7.23
Puppeteer,2013.0,0.11,0.08,0.02,0.04,0.26,80.0,75.0,236.0,8.85,9.3,8.4
Pure,2008.0,0.42,0.33,0.0,0.14,0.89,83.0,43.0,30.0,8.24,8.58,7.9
Putty Squad,2013.0,0.06,0.07,0.0,0.03,0.16,38.0,8.0,52.0,6.73,7.91,5.55
Quake 4,2005.0,0.0,0.02,0.0,0.0,0.02,81.0,62.0,281.0,7.69,7.95,7.44
Quantum Break,2016.0,0.0,0.01,0.0,0.0,0.02,66.0,14.0,539.0,7.8,8.55,7.04
R.U.S.E.,2010.0,0.18,0.22,0.02,0.08,0.5,76.0,37.0,50.0,7.72,7.82,7.61
RIFT,2011.0,0.44,0.16,0.0,0.07,0.67,84.0,59.0,561.0,7.69,7.4,7.98
Rage,2011.0,0.305,0.38,0.03,0.13,0.8400000000000001,80.0,34.5,985.5,7.805,7.574999999999999,8.035
Rail Simulator,2007.0,0.0,0.01,0.0,0.0,0.01,72.0,13.0,24.0,7.38,7.78,6.98
Ratatouille,2007.0,0.09,0.32,0.0,0.1,0.51,55.0,8.0,4.0,7.04,7.53,6.55
Rayman 3D,2011.0,0.23,0.35,0.0,0.06,0.64,61.0,39.0,48.0,7.13,7.78,6.48
Rayman Legends,2013.5,0.18,0.49,0.0,0.13,0.7949999999999999,90.5,19.5,417.5,8.879999999999999,9.07,8.690000000000001
Rayman Origins,2011.6666666666667,0.13,0.20999999999999996,0.0033333333333333335,0.06333333333333334,0.41,81.33333333333333,20.666666666666668,213.33333333333334,8.506666666666666,8.936666666666666,8.083333333333334
Record of Agarest War 2,2010.0,0.09,0.0,0.04,0.01,0.14,56.0,6.0,36.0,7.54,8.53,6.55
Red Dead Redemption,2010.0,2.79,2.53,0.17,0.99,6.49,95.0,73.0,2456.0,9.19,9.28,9.09
Red Faction: Armageddon,2011.0,0.125,0.08499999999999999,0.015,0.04,0.27,73.0,40.5,165.5,7.4,7.535,7.265000000000001
Red Faction: Guerrilla,2009.0,0.165,0.15000000000000002,0.01,0.065,0.385,83.5,42.5,222.0,8.42,8.785,8.055
Red Orchestra 2: Heroes of Stalingrad,2011.0,0.04,0.07,0.0,0.02,0.14,76.0,49.0,729.0,8.31,9.27,7.36
Remember Me,2013.0,0.05,0.11000000000000001,0.0,0.03,0.19,68.5,31.5,715.5,7.734999999999999,8.405000000000001,7.0649999999999995
Republique,2016.0,0.0,0.01,0.01,0.0,0.01,72.0,35.0,29.0,7.79,8.48,7.09
Resident Evil 5,2009.0,0.985,0.725,0.54,0.325,2.58,85.0,53.0,632.0,8.165,8.01,8.325
Resident Evil 6,2013.3333333333333,0.3133333333333333,0.32666666666666666,0.29333333333333333,0.1366666666666667,1.0733333333333335,67.66666666666667,23.666666666666668,755.3333333333334,7.603333333333333,8.48,6.723333333333334
Resident Evil: Operation Raccoon City,2012.0,0.48,0.24,0.36,0.1,1.17,52.0,36.0,222.0,6.3,7.0,5.6
Resident Evil: Revelations,2012.5,0.22,0.255,0.26,0.07,0.81,78.0,54.0,300.5,8.52,9.29,7.744999999999999
Resident Evil: Revelations 2,2015.0,0.13,0.24,0.1,0.07,0.55,75.0,30.0,284.0,7.93,8.24,7.63
Resident Evil: The Mercenaries 3D,2011.0,0.16,0.16,0.13,0.03,0.49,65.0,69.0,110.0,7.52,8.71,6.33
Resistance 2,2008.0,1.15,0.84,0.1,0.38,2.46,87.0,79.0,1889.0,8.23,8.09,8.37
Resistance 3,2011.0,0.64,0.57,0.05,0.22,1.48,83.0,91.0,543.0,8.2,8.19,8.22
Resistance: Fall of Man,2006.0,1.74,1.72,0.14,0.75,4.34,86.0,70.0,715.0,7.94,7.89,8.0
Resonance of Fate,2010.0,0.2,0.21,0.24,0.08,0.73,72.0,42.0,136.0,7.78,8.06,7.5
Ride,2015.0,0.02,0.08,0.015,0.015,0.125,67.0,19.0,38.5,7.395,7.98,6.8149999999999995
Ridge Racer 3D,2011.0,0.19,0.15,0.12,0.03,0.49,75.0,59.0,56.0,8.05,8.75,7.35
Ridge Racer 7,2006.0,0.24,0.7,0.16,0.26,1.36,78.0,45.0,52.0,7.72,7.72,7.73
Ridge Racer Unbounded,2012.0,0.025,0.055,0.0,0.015,0.095,72.0,14.5,56.0,6.91,6.545,7.275
Rise of Nations: Rise of Legends,2006.0,0.0,0.03,0.0,0.01,0.03,84.0,46.0,108.0,7.72,7.69,7.76
Rise of the Tomb Raider,2016.0,0.0,0.11,0.0,0.01,0.12,86.0,45.0,915.0,8.87,9.29,8.44
Risen,2009.0,0.0,0.11,0.0,0.02,0.14,77.0,32.0,676.0,7.82,8.54,7.11
Risen 2: Dark Waters,2012.0,0.02,0.16,0.005,0.035,0.22,58.0,32.0,394.0,6.9350000000000005,7.3149999999999995,6.5600000000000005
Risen 3: Titan Lords,2014.0,0.01,0.065,0.0,0.005,0.08499999999999999,50.5,28.5,449.5,6.890000000000001,7.57,6.205
Rock Band 2,2008.0,1.13,0.2,0.0,0.16,1.49,91.0,24.0,88.0,8.32,8.36,8.29
Rock Band 3,2010.0,0.43,0.08,0.0,0.05,0.57,91.0,34.0,95.0,8.66,8.36,8.96
Rock Band 4,2015.0,0.26,0.05,0.0,0.07,0.38,78.0,51.0,87.0,8.02,8.32,7.73
Rocket League,2016.0,0.02,0.16,0.0,0.025,0.215,85.5,35.0,935.0,8.775,9.274999999999999,8.265
Rocksmith,2011.0,0.53,0.36,0.09,0.15,1.12,80.0,27.0,52.0,7.78,8.0,7.55
Rodea the Sky Soldier,2015.0,0.03,0.0,0.0,0.0,0.04,45.0,7.0,37.0,6.58,7.82,5.35
Rome: Total War,2004.0,0.0,0.09,0.0,0.02,0.1,92.0,58.0,1050.0,8.75,9.18,8.32
Rory McIlroy PGA Tour,2015.0,0.18,0.25,0.0,0.08,0.52,61.0,33.0,78.0,6.4,6.63,6.16
Rugby World Cup 2011,2011.0,0.0,0.24,0.0,0.07,0.32,50.0,12.0,7.0,6.64,7.38,5.9
Rune Factory 4,2012.0,0.32,0.0,0.21,0.03,0.57,78.0,33.0,122.0,8.73,9.58,7.88
Rune Factory: Tides of Destiny,2011.0,0.14,0.0,0.07,0.02,0.23,55.0,12.0,44.0,7.6,8.44,6.75
S.T.A.L.K.E.R.: Call of Pripyat,2009.0,0.0,0.05,0.0,0.01,0.06,80.0,44.0,602.0,8.61,9.48,7.75
S.T.A.L.K.E.R.: Clear Sky,2008.0,0.0,0.03,0.0,0.01,0.04,75.0,47.0,478.0,7.9,8.54,7.26
S.T.A.L.K.E.R.: Shadow of Chernobyl,2007.0,0.01,0.04,0.0,0.01,0.06,82.0,44.0,1088.0,8.6,9.33,7.87
SOCOM 4: U.S. Navy SEALs,2011.0,0.66,0.11,0.04,0.08,0.89,67.0,64.0,121.0,7.26,7.91,6.61
SOCOM: U.S. Navy SEALs Confrontation,2008.0,0.94,0.16,0.02,0.13,1.25,63.0,64.0,223.0,6.73,7.03,6.44
SSX,2012.0,0.35,0.41,0.02,0.14,0.91,81.0,38.0,110.0,8.38,8.68,8.09
SWAT 4,2005.0,0.0,0.02,0.0,0.0,0.03,85.0,49.0,224.0,8.12,8.12,8.13
Sacred 2: Fallen Angel,2008.5,0.11,0.135,0.04,0.049999999999999996,0.33499999999999996,70.5,43.0,127.0,7.28,7.33,7.23
Sacred 3,2014.0,0.03,0.04,0.03,0.01,0.1,56.0,13.0,46.0,7.03,8.02,6.05
Saint Seiya: Soldiers' Soul,2015.0,0.0,0.12,0.04,0.02,0.18,59.0,30.0,45.0,7.62,9.33,5.91
Saints Row 2,2008.5,0.44,0.28500000000000003,0.01,0.13,0.86,77.0,37.0,257.5,7.89,8.265,7.515000000000001
Saints Row IV,2013.0,0.335,0.235,0.045,0.105,0.72,81.0,35.5,910.5,8.51,8.97,8.055
Saints Row: Gat out of Hell,2015.0,0.0,0.04,0.0,0.01,0.05,64.0,45.0,98.0,7.76,8.5,7.01
Saints Row: The Third,2011.0,0.51,0.6,0.09,0.22,1.425,83.0,36.0,823.5,8.620000000000001,9.309999999999999,7.93
Samurai Warriors 4,2014.0,0.08,0.07,0.06,0.03,0.24,76.0,31.0,74.0,8.26,8.93,7.59
Samurai Warriors 4-II,2015.0,0.03,0.02,0.06,0.01,0.12,73.0,26.0,24.0,8.03,9.02,7.04
Samurai Warriors 4: Empires,2015.0,0.02,0.01,0.06,0.01,0.1,71.0,29.0,15.0,7.94,8.77,7.12
Samurai Warriors Chronicles 3,2014.0,0.0,0.0,0.08,0.0,0.08,63.0,13.0,10.0,7.61,8.66,6.56
Scarface: The World is Yours,2006.0,0.01,0.02,0.0,0.0,0.04,73.0,18.0,57.0,7.56,7.62,7.51
Scribblenauts Unmasked: A DC Comics Adventure,2013.0,0.09,0.0,0.0,0.01,0.1,68.0,7.0,20.0,7.78,8.76,6.79
Secret Files 2: Puritas Cordis,2009.0,0.0,0.03,0.0,0.0,0.04,64.0,14.0,17.0,7.39,7.74,7.04
Section 8,2009.0,0.02,0.01,0.0,0.0,0.03,72.0,31.0,78.0,7.15,7.17,7.12
Sega Superstars Tennis,2008.0,0.13,0.2,0.0,0.07,0.4,67.0,31.0,7.0,7.2,7.43,6.97
Senran Kagura: Estival Versus,2015.0,0.08,0.0,0.08,0.02,0.18,67.0,25.0,96.0,8.16,9.29,7.03
Shadows of the Damned,2011.0,0.11,0.09,0.04,0.03,0.27,77.0,56.0,124.0,7.75,7.95,7.55
Shantae and the Pirate's Curse,2015.0,0.01,0.0,0.03,0.0,0.04,82.0,18.0,86.0,8.81,9.62,8.01
Shaun White Snowboarding,2008.0,0.31,0.23,0.01,0.1,0.65,63.0,30.0,26.0,7.12,7.6,6.63
Sherlock Holmes: The Devil's Daughter,2016.0,0.005,0.005,0.0,0.0,0.01,67.5,22.5,68.0,7.46,8.02,6.905
Shin Megami Tensei IV,2013.0,0.28,0.0,0.27,0.03,0.58,83.0,48.0,251.0,8.9,9.52,8.28
Shinobi,2011.0,0.14,0.07,0.0,0.02,0.22,69.0,33.0,33.0,7.91,8.66,7.17
Shovel Knight,2015.0,0.055,0.035,0.01,0.01,0.11000000000000001,90.0,13.5,268.5,9.125,9.635,8.62
Sid Meier's Civilization IV,2005.0,0.02,0.12,0.0,0.03,0.16,94.0,50.0,909.0,8.76,8.89,8.63
Sid Meier's Civilization Revolution,2008.0,0.49,0.19,0.01,0.09,0.78,85.0,39.0,87.0,8.08,8.15,8.01
Sid Meier's Civilization V,2010.0,0.98,0.52,0.0,0.17,1.68,90.0,70.0,2280.0,9.13,9.55,8.72
Sid Meier's Civilization VI,2016.0,0.09,0.13,0.0,0.02,0.25,88.0,81.0,684.0,8.47,8.09,8.84
Sid Meier's Civilization: Beyond Earth,2014.0,0.11,0.22,0.0,0.03,0.36,81.0,78.0,1027.0,6.84,5.68,8.01
Silent Hill: Downpour,2012.0,0.21,0.15,0.04,0.06,0.46,64.0,41.0,262.0,7.19,7.92,6.46
Silent Hunter III,2005.0,0.0,0.07,0.0,0.01,0.08,90.0,23.0,95.0,8.3,8.56,8.04
SimCity,1988.0,0.0,0.02,0.0,0.01,0.03,64.0,75.0,4572.0,6.27,5.98,6.55
SimCity Societies,2007.0,0.0,0.02,0.0,0.0,0.02,63.0,27.0,95.0,6.41,6.45,6.38
Singularity,2010.0,0.0,0.04,0.0,0.01,0.05,76.0,36.0,326.0,8.21,8.95,7.48
Sins of a Solar Empire,2008.0,0.0,0.02,0.0,0.0,0.03,87.0,52.0,275.0,8.11,7.9,8.33
Siren: Blood Curse,2008.0,0.0,0.17,0.09,0.01,0.27,78.0,42.0,87.0,8.21,8.73,7.7
Skate,2007.0,0.29,0.04,0.0,0.03,0.37,85.0,31.0,57.0,7.96,7.96,7.97
Skate 2,2009.0,0.46,0.25,0.01,0.12,0.84,84.0,50.0,53.0,8.1,8.29,7.91
Skate 3,2010.0,0.79,0.88,0.0,0.32,1.98,80.0,46.0,82.0,8.11,8.58,7.65
Skylanders Giants,2012.0,0.24,0.25,0.0,0.10500000000000001,0.6000000000000001,68.0,15.0,15.5,7.529999999999999,8.225,6.84
Skylanders Imaginators,2016.0,0.04,0.08,0.0,0.02,0.14,80.0,47.0,17.0,8.36,8.96,7.77
Skylanders SWAP Force,2013.0,0.24333333333333332,0.22,0.0,0.08333333333333333,0.55,76.66666666666667,16.666666666666668,30.333333333333332,8.07,8.816666666666666,7.323333333333333
Skylanders: Spyro's Adventure,2011.0,0.355,0.29500000000000004,0.0,0.10500000000000001,0.7549999999999999,79.5,13.0,52.0,7.865,8.2,7.529999999999999
Skylanders: SuperChargers,2015.0,0.17,0.08,0.0,0.05,0.31,81.0,51.0,29.0,8.09,8.35,7.82
Skylanders: Trap Team,2014.0,0.19,0.18,0.0,0.07,0.44,78.0,46.0,32.0,8.38,8.82,7.95
Sleeping Dogs,2012.0,0.185,0.27,0.025,0.1,0.5800000000000001,82.0,31.5,927.0,8.695,9.219999999999999,8.17
Sly Cooper: Thieves in Time,2013.0,0.35,0.12,0.0,0.08,0.54,75.0,69.0,343.0,8.26,9.16,7.36
Sniper Elite,2005.0,0.0,0.01,0.0,0.0,0.02,76.0,13.0,142.0,7.41,7.59,7.23
Sniper Elite V2,2012.0,0.38,0.38,0.06,0.14,0.96,70.0,21.0,92.0,7.6,8.28,6.93
Sniper: Ghost Warrior,2011.0,0.27,0.34,0.04,0.13,0.79,53.0,17.0,34.0,6.85,7.73,5.97
Sniper: Ghost Warrior 2,2013.0,0.035,0.11499999999999999,0.015,0.04,0.20500000000000002,52.0,19.5,201.0,6.55,7.67,5.425
Soldier of Fortune: Payback,2007.0,0.12,0.02,0.0,0.01,0.15,50.0,14.0,13.0,6.57,7.13,6.01
Song of the Deep,2016.0,0.045,0.0,0.0,0.005,0.055,71.0,26.5,22.5,7.855,8.39,7.324999999999999
Sonic Boom: Shattered Crystal,2014.0,0.17,0.09,0.0,0.03,0.29,47.0,21.0,160.0,7.04,8.69,5.39
Sonic Generations,2011.0,0.35333333333333333,0.41,0.01,0.12333333333333334,0.9033333333333333,73.0,26.0,232.66666666666666,8.229999999999999,8.923333333333332,7.536666666666666
Sonic Lost World,2013.0,0.24,0.14,0.07,0.03,0.49,59.0,34.0,144.0,7.6,8.72,6.47
Sonic Unleashed,2008.0,0.56,0.32,0.01,0.14,1.02,54.0,24.0,130.0,7.33,8.47,6.2
Sorcery,2012.0,0.14,0.11,0.0,0.05,0.29,70.0,52.0,57.0,7.36,8.04,6.68
SoulCalibur IV,2008.0,0.72,0.4,0.14,0.2,1.46,85.0,65.0,129.0,7.89,7.94,7.83
SoulCalibur V,2012.0,0.35,0.23,0.07,0.09,0.75,81.0,53.0,150.0,7.88,7.84,7.91
South Park: The Stick of Truth,2014.0,0.25,0.22000000000000003,0.0,0.085,0.555,85.0,39.5,1157.0,8.895,9.405,8.395
Spec Ops: The Line,2012.0,0.15,0.16,0.02,0.05,0.385,76.5,21.5,793.5,8.395,9.055,7.73
Spider-Man: Edge of Time,2011.0,0.10500000000000001,0.05,0.0,0.02,0.16999999999999998,54.0,25.0,20.5,7.195,8.245,6.145
Spider-Man: Shattered Dimensions,2010.0,0.26,0.12,0.0,0.05,0.44,74.0,57.0,96.0,7.63,7.95,7.31
Spider-Man: Web of Shadows,2008.0,0.1,0.03,0.0,0.01,0.14,59.5,27.5,45.5,7.244999999999999,7.78,6.72
Spirit Camera: The Cursed Memoir,2012.0,0.13,0.02,0.06,0.01,0.22,54.0,35.0,28.0,6.58,7.69,5.47
Spore,2008.0,0.03,1.06,0.0,0.08,1.17,84.0,75.0,1711.0,8.41,8.78,8.04
Star Fox 64 3D,2011.0,0.48,0.27,0.13,0.06,0.94,81.0,65.0,231.0,8.32,8.77,7.86
Star Ocean: The Last Hope International,2010.0,0.28,0.15,0.22,0.07,0.72,74.0,45.0,155.0,8.17,8.68,7.66
Star Trek Online,2010.0,0.0,0.02,0.0,0.0,0.02,66.0,34.0,694.0,7.28,7.66,6.9
Star Trek: Legacy,2006.0,0.0,0.01,0.0,0.0,0.02,56.0,25.0,35.0,7.36,8.22,6.49
Star Wars: Battlefront,2004.0,0.07,0.13,0.0,0.02,0.21,72.0,19.0,1509.0,6.76,6.44,7.09
Star Wars: Battlefront II,2005.0,0.02,0.13,0.0,0.02,0.17,78.0,23.0,431.0,7.63,8.49,6.77
Star Wars: Empire at War,2006.0,0.01,0.06,0.0,0.01,0.08,79.0,45.0,240.0,8.66,9.52,7.81
Star Wars: Knights of the Old Republic,2003.0,0.01,0.1,0.0,0.02,0.14,93.0,33.0,1497.0,8.55,8.88,8.23
Star Wars: Republic Commando,2005.0,0.0,0.04,0.0,0.01,0.05,78.0,34.0,279.0,8.48,9.26,7.71
Star Wars: The Force Unleashed,2008.0,1.01,0.85,0.0,0.35,2.21,71.0,47.0,233.0,7.73,8.05,7.41
Star Wars: The Force Unleashed II,2010.0,0.41500000000000004,0.245,0.0,0.105,0.765,61.0,27.5,141.5,6.75,7.105,6.395
Star Wars: The Old Republic,2011.0,1.58,1.01,0.0,0.38,2.96,85.0,73.0,2748.0,8.18,7.96,8.4
StarCraft II: Legacy of the Void,2015.0,0.19,0.29,0.0,0.04,0.53,88.0,62.0,833.0,8.54,8.41,8.67
StarCraft II: Wings of Liberty,2010.0,2.57,1.68,0.0,0.58,4.84,93.0,82.0,3052.0,8.88,8.58,9.19
Starhawk,2012.0,0.18,0.05,0.03,0.03,0.29,77.0,71.0,188.0,7.94,8.16,7.72
Steel Diver,2011.0,0.31,0.09,0.05,0.03,0.49,58.0,55.0,29.0,6.77,7.77,5.77
Steins;Gate,2012.0,0.01,0.02,0.02,0.01,0.06,83.0,8.0,51.0,8.57,9.11,8.03
Steins;Gate 0,2015.0,0.0,0.0,0.05,0.0,0.05,81.0,17.0,29.0,8.62,9.29,7.95
Stella Glow,2015.0,0.16,0.01,0.05,0.02,0.24,79.0,32.0,82.0,8.51,9.43,7.58
Story of Seasons,2014.0,0.0,0.14,0.27,0.01,0.42,76.0,39.0,54.0,8.11,8.75,7.48
Stranglehold,2007.0,0.24,0.02,0.0,0.03,0.3,77.0,22.0,48.0,7.43,7.31,7.55
Street Fighter IV,2009.0,2.03,1.04,0.58,0.52,4.16,94.0,61.0,330.0,8.47,8.14,8.8
Street Fighter V,2016.0,0.2,0.165,0.04,0.07,0.48,75.5,56.5,826.0,7.475,7.1850000000000005,7.765
Street Fighter X Tekken,2012.0,0.21,0.11499999999999999,0.05,0.045,0.425,81.5,29.5,162.5,7.3999999999999995,6.904999999999999,7.895
Super Dungeon Bros,2016.0,0.01,0.0,0.0,0.0,0.01,42.0,9.0,7.0,6.12,7.03,5.21
Super Mario 3D Land,2011.0,4.89,3.0,2.14,0.78,10.81,90.0,82.0,921.0,9.22,9.76,8.67
Super Monkey Ball 3D,2011.0,0.26,0.15,0.05,0.04,0.49,55.0,57.0,31.0,6.81,7.77,5.85
Super Stardust Ultra VR,2016.0,0.0,0.01,0.0,0.0,0.01,66.0,13.0,13.0,7.72,8.55,6.88
Supreme Commander,2007.0,0.0,0.04,0.0,0.01,0.05,86.0,44.0,263.0,8.49,8.71,8.27
Supreme Commander 2,2010.0,0.0,0.15,0.0,0.04,0.19,77.0,54.0,803.0,7.89,8.43,7.36
Supreme Commander: Forged Alliance,2007.0,0.01,0.02,0.0,0.0,0.04,81.0,35.0,219.0,8.72,9.48,7.96
Sword Art Online: Hollow Realization,2016.0,0.06,0.02,0.1,0.02,0.19,69.0,32.0,52.0,8.0,9.07,6.93
Sword Art Online: Lost Song,2015.0,0.1,0.11,0.0,0.04,0.25,63.0,32.0,60.0,7.77,9.13,6.41
Syndicate,2012.0,0.07,0.06,0.0,0.02,0.14,75.0,29.0,106.0,7.37,7.33,7.4
Sbastien Loeb Rally Evo,2016.0,0.0,0.04,0.0,0.01,0.04,71.0,28.0,73.0,7.2,7.43,6.97
Tales of Graces f,2010.0,0.28,0.18,0.45,0.07,0.98,77.0,55.0,336.0,8.31,8.8,7.82
Tales of Xillia,2011.0,0.29,0.18,0.67,0.09,1.22,78.0,65.0,468.0,8.49,8.95,8.03
Tales of Zestiria,2015.0,0.17,0.15,0.02,0.06,0.4,72.0,59.0,315.0,8.06,8.7,7.41
Tales of the Abyss,2011.0,0.43,0.19,0.14,0.06,0.83,75.0,33.0,197.0,8.01,8.76,7.26
Tearaway Unfolded,2015.0,0.09,0.13,0.0,0.04,0.26,81.0,70.0,188.0,8.43,8.62,8.24
Tears to Tiara II: Heir of the Overlord,2013.0,0.07,0.01,0.06,0.02,0.15,65.0,18.0,41.0,7.95,8.7,7.21
Teenage Mutant Ninja Turtles: Mutants in Manhattan,2016.0,0.05,0.02,0.0,0.02,0.09,44.0,49.0,163.0,6.56,8.3,4.83
Tekken 3D: Prime Edition,2012.0,0.06,0.07,0.05,0.01,0.2,64.0,42.0,39.0,7.66,8.7,6.62
Tekken 6,2009.0,1.2,0.97,0.17,0.42,2.75,79.0,63.0,211.0,8.07,8.23,7.92
Tekken Tag Tournament 2,2012.0,0.28,0.31,0.13,0.13,0.85,82.0,50.0,193.0,8.47,8.7,8.25
Tenkai Knights: Brave Battle,2014.0,0.01,0.01,0.0,0.0,0.02,26.0,10.0,22.0,6.27,7.74,4.81
Terraria,2013.5,0.0175,0.105,0.037500000000000006,0.0175,0.1775,79.5,12.75,437.75,8.6125,9.450000000000001,7.77
Test Drive Unlimited,2007.0,0.0,0.02,0.0,0.0,0.02,79.0,18.0,124.0,7.86,8.19,7.54
The Adventures of Tintin: The Game,2011.0,0.055,0.12,0.0,0.035,0.20500000000000002,57.5,17.5,12.5,7.28,8.025,6.535
The Awakened Fate Ultimatum,2014.0,0.0,0.0,0.02,0.0,0.02,65.0,20.0,23.0,7.31,7.83,6.78
The Beatles: Rock Band,2009.0,0.67,0.29,0.0,0.15,1.12,88.0,60.0,59.0,8.49,8.31,8.68
The Bureau: XCOM Declassified,2013.0,0.04,0.09,0.0,0.02,0.15,67.5,33.5,350.0,6.96,7.26,6.66
The Chronicles of Narnia: Prince Caspian,2008.0,0.14,0.01,0.0,0.02,0.17,56.0,16.0,8.0,6.98,7.3,6.65
The Chronicles of Riddick: Assault on Dark Athena,2009.0,0.06,0.049999999999999996,0.0,0.02,0.13,80.0,35.5,88.0,7.75,8.015,7.484999999999999
The Club,2008.0,0.14,0.07,0.0,0.03,0.23,72.0,42.0,15.0,7.13,6.93,7.33
The Crew,2014.0,0.175,0.615,0.015,0.135,0.94,66.0,36.0,519.0,7.165,7.5649999999999995,6.765
The Cursed Crusade,2011.0,0.07,0.06,0.01,0.03,0.17,45.0,17.0,26.0,6.45,7.77,5.14
The Darkness,2007.0,0.2,0.33,0.0,0.13,0.66,80.0,35.0,107.0,7.85,7.83,7.88
The Darkness II,2012.0,0.12000000000000001,0.08,0.0,0.030000000000000002,0.23,78.0,24.0,287.5,8.17,8.504999999999999,7.84
The Elder Scrolls IV: Oblivion,2006.5,0.85,0.525,0.07,0.235,1.675,93.5,49.5,1529.0,8.72,8.905000000000001,8.53
The Elder Scrolls Online,2014.0,0.32,0.51,0.0,0.07,0.9,71.0,64.0,2421.0,7.5,8.07,6.92
The Elder Scrolls V: Skyrim,2011.0,1.855,2.3600000000000003,0.125,0.8,5.145,93.0,24.0,5800.0,9.015,9.120000000000001,8.915
The Evil Within,2014.0,0.325,0.51,0.055,0.14500000000000002,1.03,71.5,41.5,972.0,7.9,8.49,7.3149999999999995
The First Templar,2011.0,0.06,0.01,0.0,0.01,0.08,57.0,19.0,60.0,6.81,7.29,6.32
The Godfather II,2009.0,0.41,0.21,0.01,0.1,0.74,67.0,53.0,50.0,7.34,7.68,7.0
The Golf Club,2014.0,0.05,0.02,0.0,0.01,0.08,66.0,11.0,67.0,7.4,8.04,6.77
The Guided Fate Paradox,2013.0,0.0,0.0,0.06,0.0,0.07,74.0,27.0,66.0,7.91,8.36,7.45
The Incredible Hulk,2008.0,0.22,0.02,0.0,0.02,0.26,55.0,26.0,20.0,6.8,7.5,6.09
The King of Fighters XII,2009.0,0.11,0.01,0.03,0.01,0.16,57.0,48.0,46.0,6.31,6.47,6.16
The King of Fighters XIII,2011.0,0.17,0.06,0.04,0.03,0.3,77.0,26.0,76.0,8.16,8.31,8.02
The King of Fighters XIV,2016.0,0.07,0.02,0.04,0.02,0.15,79.0,54.0,208.0,8.56,9.22,7.91
The LEGO Movie Videogame,2014.0,0.19666666666666668,0.26,0.01,0.08666666666666667,0.5533333333333333,73.0,14.333333333333334,47.666666666666664,7.859999999999999,8.533333333333333,7.19
The Last Remnant,2009.0,0.0,0.01,0.0,0.0,0.01,66.0,23.0,240.0,7.54,8.02,7.07
The Last of Us,2013.0,2.41,2.18,0.28,0.99,5.87,95.0,98.0,8003.0,9.45,9.49,9.42
The Legend of Heroes: Trails of Cold Steel,2013.0,0.05,0.02,0.12,0.01,0.2,86.0,12.0,128.0,8.3,8.96,7.65
The Legend of Heroes: Trails of Cold Steel II,2014.0,0.02,0.02,0.11,0.01,0.15,90.0,4.0,71.0,8.39,8.92,7.85
The Legend of Legacy,2015.0,0.12,0.01,0.1,0.02,0.25,67.0,31.0,54.0,7.23,7.83,6.64
The Legend of Spyro: Dawn of the Dragon,2008.0,0.19,0.18,0.0,0.07,0.44,59.0,22.0,36.0,7.0,7.29,6.71
The Legend of Zelda: A Link Between Worlds,2013.0,1.4,1.01,0.46,0.23,3.1,91.0,81.0,1057.0,9.3,9.7,8.9
The Legend of Zelda: Majora's Mask 3D,2015.0,1.15,0.55,0.47,0.17,2.34,89.0,82.0,478.0,9.38,9.7,9.05
The Legend of Zelda: Tri Force Heroes,2015.0,0.53,0.33,0.17,0.08,1.12,73.0,73.0,179.0,8.08,8.71,7.45
The Lord of the Rings: Conquest,2009.0,0.19,0.135,0.0,0.055,0.38,55.5,34.5,49.5,6.83,7.074999999999999,6.58
The Lord of the Rings: War in the North,2011.0,0.05,0.11,0.0,0.03,0.19,66.0,21.0,289.0,7.35,7.72,6.98
The Order: 1886,2015.0,0.61,0.78,0.06,0.27,1.74,63.0,94.0,3172.0,7.4,8.23,6.57
The Saboteur,2009.0,0.1,0.13,0.0,0.04,0.27,74.0,37.0,177.0,7.455,7.859999999999999,7.045
The Settlers 7: Paths to a Kingdom,2010.0,0.0,0.27,0.0,0.05,0.31,79.0,33.0,213.0,6.96,6.43,7.48
The Settlers: Rise of an Empire,2007.0,0.01,0.01,0.0,0.0,0.02,66.0,19.0,44.0,7.02,7.27,6.77
The Simpsons Game,2007.0,0.38,0.36,0.0,0.15,0.88,71.0,30.0,49.0,7.52,7.83,7.2
The Sims,2000.0,0.01,0.03,0.0,0.01,0.05,92.0,38.0,451.0,8.05,7.88,8.23
The Sims 2,2004.0,0.02,0.24,0.0,0.04,0.29,90.0,61.0,676.0,8.24,8.32,8.15
The Sims 3,2010.0,0.6733333333333333,2.56,0.016666666666666666,0.3233333333333333,3.57,72.0,47.666666666666664,324.0,7.55,8.056666666666667,7.043333333333333
The Sims 4,2014.0,1.0,1.82,0.0,0.23,3.05,70.0,74.0,2057.0,7.14,7.33,6.95
The Technomancer,2016.0,0.01,0.025,0.0,0.005,0.034999999999999996,58.0,36.0,132.5,6.775,7.1899999999999995,6.359999999999999
The Testament of Sherlock Holmes,2012.0,0.025,0.1,0.0,0.025,0.155,69.0,17.0,81.0,7.62,8.035,7.205
The Tomb Raider Trilogy,2011.0,0.27,0.46,0.0,0.15,0.88,78.0,37.0,60.0,8.2,8.84,7.56
The Walking Dead: Survival Instinct,2013.0,0.28,0.15,0.0,0.08,0.51,34.0,14.0,196.0,6.07,7.97,4.17
The Witch and the Hundred Knight,2013.0,0.07,0.02,0.1,0.02,0.2,53.0,44.0,80.0,7.09,8.09,6.09
The Witcher,2007.0,0.0,0.05,0.0,0.01,0.06,81.0,50.0,1116.0,8.05,8.28,7.82
The Witcher 2: Assassins of Kings,2011.0,0.25,0.56,0.0,0.14,0.96,88.0,76.0,4378.0,8.68,8.86,8.5
The Witcher 3: Wild Hunt,2015.0,0.615,1.295,0.115,0.32,2.345,92.5,55.5,10422.0,9.344999999999999,9.71,8.98
The Witcher: Enhanced Edition,2008.0,0.32,0.01,0.0,0.0,0.32,86.0,30.0,1660.0,8.47,8.78,8.17
The Wolf Among Us,2014.0,0.1,0.07,0.0,0.04,0.21,83.0,6.0,259.0,8.57,9.53,7.61
Theatrhythm Final Fantasy: Curtain Call,2014.0,0.13,0.08,0.15,0.02,0.37,83.0,52.0,66.0,8.55,8.8,8.31
Thor: God of Thunder,2011.0,0.06,0.03,0.0,0.01,0.1,55.0,10.0,5.0,7.36,8.65,6.07
Tiger Woods PGA Tour 10,2009.0,0.42,0.25,0.0,0.11,0.78,81.0,38.0,9.0,7.99,8.14,7.84
Tiger Woods PGA Tour 12: The Masters,2011.0,0.52,0.25,0.0,0.11,0.89,80.0,41.0,17.0,7.96,8.05,7.87
Tiger Woods PGA Tour 13,2012.0,0.24,0.21,0.0,0.08,0.54,75.0,14.0,9.0,7.86,8.38,7.34
Tiger Woods PGA Tour 14,2013.0,0.16,0.14,0.0,0.07,0.37,74.0,28.0,26.0,7.99,8.38,7.6
Time Crisis 4,2007.0,0.32,0.32,0.05,0.14,0.83,60.0,52.0,21.0,6.82,7.32,6.32
Time and Eternity,2012.0,0.06,0.03,0.06,0.02,0.17,42.0,40.0,78.0,6.36,7.83,4.9
TimeShift,2007.0,0.07500000000000001,0.0,0.0,0.005,0.085,70.5,23.0,75.5,7.14,7.395,6.880000000000001
Titan Quest,2006.0,0.01,0.04,0.0,0.01,0.06,77.0,51.0,387.0,7.91,8.02,7.8
Titanfall,2014.0,0.22,0.3,0.0,0.04,0.56,86.0,29.0,1727.0,7.92,7.38,8.46
Titanfall 2,2016.0,0.185,0.145,0.025,0.065,0.415,87.0,41.5,596.0,8.92,9.295,8.55
Tokyo Jungle,2012.0,0.0,0.0,0.26,0.0,0.26,74.0,60.0,89.0,8.32,9.23,7.4
Tokyo Twilight Ghost Hunters,2014.0,0.03,0.0,0.02,0.01,0.06,64.0,11.0,17.0,7.06,7.34,6.78
Tom Clancy's EndWar,2008.5,0.165,0.12,0.005,0.05,0.34,72.0,28.5,42.0,7.635,7.93,7.34
Tom Clancy's Ghost Recon: Future Soldier,2012.0,0.22999999999999998,0.21000000000000002,0.045,0.06999999999999999,0.5599999999999999,75.0,15.5,262.0,7.6850000000000005,7.8100000000000005,7.5600000000000005
Tom Clancy's Ghost Recon: Shadow Wars,2011.0,0.22,0.09,0.0,0.03,0.34,77.0,49.0,78.0,7.73,7.81,7.65
Tom Clancy's Rainbow Six: Vegas,2007.0,0.47,0.53,0.03,0.22,1.25,86.0,32.0,81.0,8.13,7.97,8.29
Tom Clancy's Rainbow Six: Vegas 2,2008.0,0.33,0.23,0.02,0.105,0.68,79.5,26.0,139.0,8.14,8.565000000000001,7.71
Tom Clancy's Splinter Cell Classic Trilogy HD,2011.0,0.02,0.0,0.0,0.0,0.02,67.0,21.0,29.0,7.92,8.79,7.05
Tom Clancy's Splinter Cell: Conviction,2010.0,0.0,0.08,0.0,0.02,0.11,83.0,20.0,672.0,7.55,7.21,7.9
Tom Clancy's Splinter Cell: Double Agent,2007.0,0.2,0.03,0.0,0.03,0.26,78.0,17.0,41.0,7.97,8.22,7.71
Tom Clancy's The Division,2016.0,0.785,0.9249999999999999,0.075,0.32,2.105,79.5,48.5,1703.5,7.845000000000001,7.699999999999999,7.985
Tomb Raider,1996.0,0.96,0.07,0.0,0.0,1.03,86.0,18.0,3552.0,8.83,9.45,8.2
Tomb Raider: Anniversary,2007.0,0.0,0.03,0.0,0.01,0.03,83.0,26.0,242.0,8.08,8.24,7.91
Tomb Raider: Underworld,2008.0,0.225,0.30500000000000005,0.025,0.115,0.67,77.5,31.0,219.0,7.745,7.97,7.529999999999999
Tony Hawk's Proving Ground,2007.0,0.36,0.04,0.0,0.04,0.44,73.0,36.0,17.0,7.46,7.44,7.49
Top Spin 3,2008.0,0.08,0.36,0.0,0.12,0.57,75.0,36.0,20.0,7.79,7.85,7.74
Top Spin 4,2011.0,0.17,0.39,0.0,0.13,0.69,82.0,37.0,55.0,8.39,8.5,8.28
Torchlight,2009.0,0.0,0.06,0.0,0.01,0.07,83.0,57.0,794.0,8.28,8.71,7.85
Total War: Attila,2015.0,0.09,0.13,0.0,0.02,0.24,80.0,66.0,520.0,7.82,7.8,7.83
Total War: Rome II,2013.0,0.12,0.53,0.0,0.07,0.72,76.0,71.0,3742.0,8.0,8.15,7.85
Total War: Shogun 2,2011.0,0.19,0.31,0.0,0.09,0.6,90.0,62.0,1180.0,8.89,8.95,8.83
Total War: WARHAMMER,2016.0,0.0,0.12,0.0,0.01,0.13,86.0,77.0,556.0,8.09,7.7,8.47
Touhou Genso Rondo: Bullet Ballet,2016.0,0.02,0.0,0.0,0.0,0.02,55.0,19.0,34.0,7.23,8.5,5.96
Tour de France 2014,2014.0,0.0,0.03,0.0,0.0,0.03,53.0,9.0,22.0,7.16,8.08,6.23
Transformers: Devastation,2015.0,0.05,0.06,0.0,0.02,0.13,75.5,29.5,108.0,8.23,8.86,7.605
Transformers: Fall of Cybertron,2012.0,0.1,0.07,0.0,0.03,0.2,77.5,22.5,104.0,8.315000000000001,8.93,7.699999999999999
Trials Fusion,2014.0,0.065,0.125,0.005,0.035,0.22499999999999998,79.5,31.5,170.5,7.705,7.5649999999999995,7.85
Trine,2009.0,0.0,0.01,0.0,0.0,0.01,80.0,50.0,488.0,8.61,9.34,7.87
Trine 2,2011.0,0.0,0.03,0.0,0.01,0.04,84.0,55.0,667.0,8.79,9.43,8.15
Trinity Universe,2009.0,0.07,0.05,0.03,0.02,0.18,62.0,25.0,28.0,6.98,7.48,6.48
Tropico 3,2009.0,0.0,0.04,0.0,0.01,0.04,79.0,48.0,184.0,8.23,8.51,7.96
Tropico 4,2011.0,0.1,0.13,0.0,0.04,0.27,78.0,46.0,359.0,8.4,8.99,7.81
Tropico 5,2014.5,0.04,0.125,0.03,0.025,0.215,75.5,34.0,230.5,7.705,8.0,7.41
Turok,2008.0,0.35,0.21,0.01,0.1,0.67,67.0,38.0,39.0,6.85,6.99,6.72
Two Worlds II,2011.0,0.175,0.095,0.03,0.035,0.33,73.0,29.5,190.0,6.855,6.395,7.3100000000000005
UFC 2009 Undisputed,2009.0,1.07,0.44,0.01,0.24,1.76,84.0,58.0,47.0,7.98,7.91,8.05
UFC Undisputed 2010,2010.0,0.8,0.4,0.02,0.18,1.41,85.0,54.0,48.0,8.06,8.15,7.97
UFC Undisputed 3,2012.0,0.55,0.32,0.03,0.13,1.03,86.0,30.0,92.0,8.48,8.68,8.28
Ultimate Marvel vs. Capcom 3,2011.0,0.0,0.04,0.04,0.01,0.09,80.0,36.0,114.0,8.07,8.19,7.95
Ultra Street Fighter IV,2015.0,0.0,0.08,0.0,0.01,0.1,71.0,28.0,94.0,8.16,9.18,7.14
Uncharted 2: Among Thieves,2009.0,3.27,2.2,0.21,0.98,6.66,96.0,105.0,5187.0,9.27,9.2,9.33
Uncharted 3: Drake's Deception,2011.0,2.77,2.75,0.19,1.03,6.74,92.0,97.0,3712.0,9.02,8.87,9.18
Uncharted 4: A Thief's End,2016.0,1.85,2.5,0.19,0.85,5.38,93.0,113.0,7064.0,9.43,9.58,9.28
Uncharted: Drake's Fortune,2007.0,2.31,1.72,0.12,0.77,4.92,88.0,66.0,2306.0,8.25,8.34,8.17
Unreal Tournament 2004,2004.0,0.0,0.01,0.0,0.0,0.02,93.0,48.0,537.0,8.83,9.39,8.26
Unreal Tournament III,2007.0,0.165,0.14,0.0,0.055,0.365,84.5,41.5,325.0,8.17,8.27,8.07
Until Dawn,2015.0,0.45,0.9,0.05,0.26,1.66,79.0,103.0,2161.0,8.6,9.22,7.98
Until Dawn: Rush of Blood,2016.0,0.18,0.15,0.0,0.07,0.39,72.0,49.0,68.0,7.91,8.75,7.07
Valentino Rossi: The Game,2016.0,0.005,0.030000000000000002,0.0,0.005,0.045,73.5,11.5,32.0,7.54,7.985,7.1
Valkyria Chronicles,2008.0,0.71,0.19,0.24,0.13,1.27,86.0,60.0,433.0,8.55,8.71,8.39
Vanquish,2010.0,0.21,0.21,0.11,0.08,0.61,84.0,61.0,304.0,8.48,8.8,8.16
Venetica,2009.5,0.035,0.035,0.0,0.01,0.08499999999999999,54.0,15.5,28.5,6.78,7.365,6.1899999999999995
Viking: Battle for Asgard,2008.0,0.14,0.17,0.0,0.07,0.38,65.0,38.0,32.0,6.96,7.24,6.68
Virtua Fighter 5,2007.0,0.29,0.51,0.08,0.2,1.08,85.0,47.0,67.0,7.87,7.51,8.24
Virtua Tennis 2009,2009.0,0.09,0.22,0.0,0.06,0.38,70.0,34.0,21.0,6.97,6.96,6.98
Virtua Tennis 4,2011.0,0.09,0.24,0.03,0.08,0.44,69.0,49.0,28.0,6.97,7.24,6.69
WWE '12,2011.0,0.53,0.45,0.02,0.17,1.17,72.0,28.0,80.0,7.73,8.16,7.29
WWE '13,2012.0,0.51,0.6,0.0,0.25,1.35,76.0,24.0,99.0,8.04,8.3,7.79
WWE 2K14,2013.0,0.49,0.46,0.0,0.19,1.14,74.0,22.0,121.0,8.27,9.0,7.53
WWE 2K15,2014.0,0.375,0.42999999999999994,0.0,0.16,0.965,58.5,24.5,110.5,7.265000000000001,8.28,6.25
WWE 2K16,2015.0,0.41,0.6,0.0,0.2,1.21,73.0,47.0,237.0,7.84,8.34,7.33
WWE 2K17,2016.0,0.17,0.34,0.0,0.09,0.6,69.0,50.0,88.0,7.67,8.48,6.86
WWE All Stars,2011.0,0.155,0.12,0.0,0.045000000000000005,0.32,73.0,31.5,21.5,7.449999999999999,7.86,7.04
Wanted: Weapons of Fate,2009.0,0.14,0.1,0.01,0.04,0.29,61.0,56.0,25.0,6.95,7.18,6.71
Warcraft III: Reign of Chaos,2002.0,0.03,0.09,0.0,0.02,0.13,92.0,40.0,1023.0,8.61,8.56,8.67
"Warhammer 40,000: Dawn of War",2004.0,0.01,0.03,0.0,0.01,0.05,86.0,51.0,295.0,8.59,9.29,7.89
"Warhammer 40,000: Dawn of War II",2009.0,0.0,0.45,0.0,0.02,0.47,85.0,67.0,1502.0,8.46,8.5,8.42
"Warhammer 40,000: Space Marine",2011.0,0.11,0.16,0.0,0.055,0.32,72.0,40.0,379.0,7.805,8.58,7.02
Warhammer: Mark of Chaos,2006.0,0.0,0.02,0.0,0.0,0.03,73.0,32.0,57.0,7.2,7.16,7.25
Warhawk,2007.0,0.49,0.39,0.0,0.17,1.06,84.0,50.0,183.0,8.26,8.46,8.07
Warriors Orochi 3,2011.0,0.0,0.04,0.57,0.01,0.62,70.0,17.0,35.0,8.44,9.47,7.42
Warriors: Legends of Troy,2011.0,0.06,0.04,0.07,0.02,0.19,44.0,22.0,24.0,6.78,8.11,5.44
Wasteland 2,2015.0,0.03,0.06,0.0,0.01,0.1,81.0,65.0,1170.0,8.07,8.17,7.98
Watch Dogs,2014.0,0.7749999999999999,1.08,0.055,0.335,2.25,78.5,49.0,3142.0,7.92,7.84,8.004999999999999
Watch Dogs 2,2016.0,0.37,0.58,0.0,0.18,1.13,83.0,88.0,621.0,8.53,8.82,8.23
Wet,2009.0,0.22,0.27,0.01,0.11,0.61,70.0,61.0,55.0,6.86,6.93,6.79
White Knight Chronicles: International Edition,2008.0,0.33,0.16,0.36,0.08,0.93,64.0,77.0,213.0,7.11,7.49,6.72
Wolfenstein,2009.0,0.13,0.15000000000000002,0.0,0.06,0.34,72.5,49.5,169.0,7.395,7.75,7.045
Wolfenstein: The New Order,2014.0,0.3,0.545,0.015,0.135,1.0,80.0,48.0,1381.5,8.379999999999999,8.905000000000001,7.855
Wolfenstein: The Old Blood,2015.0,0.0,0.08,0.0,0.0,0.09,76.0,30.0,338.0,8.2,8.75,7.64
World of Final Fantasy,2016.0,0.08,0.14,0.08,0.04,0.33,77.0,74.0,222.0,8.28,8.76,7.79
World of Goo,2008.0,0.0,0.03,0.0,0.01,0.04,90.0,26.0,607.0,8.74,9.1,8.38
World of Tanks,2011.0,0.0,0.23,0.0,0.05,0.29,80.0,38.0,1466.0,7.7,7.58,7.82
World of Warcraft,2004.0,0.08,6.21,0.0,0.0,6.29,93.0,57.0,2182.0,8.22,8.04,8.4
Worms Reloaded,2010.0,0.0,0.04,0.0,0.01,0.05,79.0,28.0,185.0,8.13,8.31,7.94
Worms: Ultimate Mayhem,2011.0,0.0,0.03,0.0,0.0,0.04,66.0,4.0,48.0,7.68,8.73,6.63
X-Blades,2009.0,0.07,0.03,0.02,0.01,0.13,50.0,31.0,15.0,6.45,6.73,6.17
X-Men: Destiny,2011.0,0.14,0.07,0.0,0.03,0.24,50.0,33.0,37.0,6.4,7.06,5.74
X3: Terran Conflict,2008.0,0.0,0.02,0.0,0.0,0.03,73.0,16.0,222.0,7.9,8.45,7.34
XCOM 2,2016.0,0.065,0.1,0.0,0.02,0.185,88.0,66.0,668.5,8.415,8.265,8.57
XCOM: Enemy Unknown,2012.0,0.255,0.295,0.0,0.09,0.6399999999999999,89.0,38.5,1265.5,8.760000000000002,8.815,8.71
Yakuza 3,2009.0,0.21,0.2,0.62,0.08,1.12,79.0,77.0,165.0,8.1,8.27,7.93
Yakuza 5,2012.0,0.0,0.0,0.59,0.0,0.59,83.0,34.0,180.0,8.79,9.32,8.25
Yakuza: Dead Souls,2011.0,0.09,0.06,0.42,0.03,0.6,64.0,55.0,69.0,7.38,8.16,6.59
Yoshi's New Island,2014.0,0.48,0.53,0.28,0.09,1.38,64.0,71.0,155.0,7.69,8.73,6.66
You Don't Know Jack,2011.0,0.16,0.0,0.0,0.01,0.18,82.0,11.0,18.0,8.1,8.32,7.88
Yumi's Odd Odyssey,2013.0,0.0,0.0,0.03,0.0,0.03,74.0,13.0,23.0,8.05,8.65,7.44
Zero Escape: Virtue's Last Reward,2012.0,0.03,0.0,0.0,0.0,0.03,88.0,15.0,188.0,8.97,9.5,8.43
Zero Escape: Zero Time Dilemma,2016.0,0.05,0.0,0.02,0.01,0.08,81.0,18.0,72.0,8.25,8.62,7.88
de Blob 2,2011.0,0.11,0.07,0.0,0.03,0.21,74.0,50.0,34.0,7.89,8.37,7.42
inFAMOUS 2,2011.0,1.05,0.47,0.08,0.22,1.82,83.0,90.0,932.0,8.79,9.3,8.29
